recordType,recordId,countryIso2,geography,year,metric,evidenceStatus,finality,productScope,marketValueBasis,comparableMarketValue,atlasEstimate,currency,unit,value,low,central,high,confidence,yearMismatch,formula,inputIds,sourceIds,exclusions,labelEn,labelFi,limitationEn,limitationFi
observation,CA-2024-MANUFACTURER-IMPORTER-SHIPMENTS-VALUE,CA,Canada,2024,manufacturer_importer_shipments_value,official_observed,published,all_reported_vaping_product_categories,manufacturer_importer_shipments_value_not_retail_sales,false,false,CAD,CAD,1160753796.78,,,,,,,,CA-HC-VAPING-SALES-2024,,"Reported manufacturer/importer shipments, monetary value",Valmistajien ja maahantuojien ilmoittamien toimitusten rahamääräinen arvo,Official full-year shipments to wholesalers or retailers across all four reported vaping-product categories. This is not consumer retail sales and may be revised by Health Canada.,"Virallinen koko vuoden toimitusarvo tukku- tai vähittäismyyjille kaikissa neljässä raportoidussa tuoteryhmässä. Kyse ei ole kuluttajien vähittäisostoista, ja Health Canada voi tarkistaa tietoa."
observation,CA-2024-MANUFACTURER-IMPORTER-SHIPMENTS-UNITS,CA,Canada,2024,manufacturer_importer_shipments_units,official_observed,published,all_reported_vaping_product_categories,physical_units_not_market_value,false,false,,unit,118901910,,,,,,,,CA-HC-VAPING-SALES-2024,,"Reported manufacturer/importer shipments, units","Valmistajien ja maahantuojien ilmoittamat toimitukset, kappaletta",Sum of reported units across four heterogeneous product categories; units are not directly comparable with litres or monetary market value.,Neljän keskenään erilaisen tuoteryhmän ilmoitettujen kappaleiden summa; kappaleita ei voi suoraan verrata litroihin tai rahamääräiseen markkina-arvoon.
observation,CA-2024-MANUFACTURER-IMPORTER-SHIPMENTS-LITRES,CA,Canada,2024,manufacturer_importer_shipments_liquid_volume,official_observed,published,reported_vaping_products_containing_liquid,physical_volume_not_market_value,false,false,,litre,1251843,,,,,,,,CA-HC-VAPING-SALES-2024,,"Reported manufacturer/importer shipments, liquid volume",Valmistajien ja maahantuojien ilmoittamien toimitusten nestemäärä,"Volume reported for product categories containing vaping substance. It is a physical quantity, not retail market value.","Höyrystettävää ainetta sisältävien tuoteryhmien ilmoitettu määrä. Se on fyysinen määrä, ei vähittäismarkkina-arvo."
observation,CA-2019-STATCAN-RCS-VAPING-RETAIL-SALES,CA,Canada,2019,statcan_rcs_vaping_retail_sales,official_table_derived,quarterly_sum_no_status_symbol,napcs_5619122_electronic_cigarettes_e_liquid_refills_vaporizers_and_other_e_liquid_delivery_systems_at_retail,consumer_retail_sales_current_cad_quarterly_sum_not_accepted_donor,false,false,CAD,CAD,477077000,,,,,,,,CA-STATCAN-RCS-2019-2022,,"Statistics Canada RCS vaping retail sales, annual sum","Statistics Canadan RCS-sähkötupakkavähittäismyynti, vuosisumma","Sum of four national quarterly values from table 20-10-0016-01 vector v1038567205 in current CAD; no status symbol is attached to the four published quarters. The pre-2023 [44-453] aggregate includes Internet, mail, telephone and other orders made through in-scope retailers, but excludes separately managed online operations and pure-play Internet retailers classified to NAICS 45411. Statistics Canada confirmed on 2026-07-30 that the archived table uses the same basis as the current monthly and quarterly tables: GST, HST, PST and QST are excluded and additional duties embedded in retail prices are included. This is a derived annual survey estimate, not an accepted donor.","Neljän kansallisen vuosineljänneksen summa taulukon 20-10-0016-01 vektorista v1038567205 käyvin Kanadan dollarein; neljään julkaistuun neljännekseen ei liity statussymbolia. Vuotta 2023 edeltävä [44-453]-koonti sisältää soveltamisalaan kuuluvien vähittäiskauppiaiden internet-, posti-, puhelin- ja muut tilaukset, mutta jättää NAICS 45411 -luokkaan kuuluvat erikseen hallinnoidut verkkotoiminnot ja puhtaat verkkokauppiaat pois. Statistics Canada vahvisti 30.7.2026, että arkistoidussa taulukossa käytetään samaa perustaa kuin nykyisissä kuukausi- ja kvartaalitaulukoissa: GST, HST, PST ja QST rajataan pois ja vähittäishintaan sisältyvät lisäverot ovat mukana. Kyse on johdetusta vuositason kyselyestimaatista, ei hyväksytystä luovuttajasta."
observation,CA-2020-STATCAN-RCS-VAPING-RETAIL-SALES,CA,Canada,2020,statcan_rcs_vaping_retail_sales,official_table_derived,quarterly_sum_no_status_symbol,napcs_5619122_electronic_cigarettes_e_liquid_refills_vaporizers_and_other_e_liquid_delivery_systems_at_retail,consumer_retail_sales_current_cad_quarterly_sum_not_accepted_donor,false,false,CAD,CAD,520647000,,,,,,,,CA-STATCAN-RCS-2019-2022,,"Statistics Canada RCS vaping retail sales, annual sum","Statistics Canadan RCS-sähkötupakkavähittäismyynti, vuosisumma","Sum of four national quarterly values from table 20-10-0016-01 vector v1038567205 in current CAD; no status symbol is attached to the four published quarters. The pre-2023 [44-453] aggregate includes Internet, mail, telephone and other orders made through in-scope retailers, but excludes separately managed online operations and pure-play Internet retailers classified to NAICS 45411. Statistics Canada confirmed on 2026-07-30 that the archived table uses the same basis as the current monthly and quarterly tables: GST, HST, PST and QST are excluded and additional duties embedded in retail prices are included. This is a derived annual survey estimate, not an accepted donor.","Neljän kansallisen vuosineljänneksen summa taulukon 20-10-0016-01 vektorista v1038567205 käyvin Kanadan dollarein; neljään julkaistuun neljännekseen ei liity statussymbolia. Vuotta 2023 edeltävä [44-453]-koonti sisältää soveltamisalaan kuuluvien vähittäiskauppiaiden internet-, posti-, puhelin- ja muut tilaukset, mutta jättää NAICS 45411 -luokkaan kuuluvat erikseen hallinnoidut verkkotoiminnot ja puhtaat verkkokauppiaat pois. Statistics Canada vahvisti 30.7.2026, että arkistoidussa taulukossa käytetään samaa perustaa kuin nykyisissä kuukausi- ja kvartaalitaulukoissa: GST, HST, PST ja QST rajataan pois ja vähittäishintaan sisältyvät lisäverot ovat mukana. Kyse on johdetusta vuositason kyselyestimaatista, ei hyväksytystä luovuttajasta."
observation,CA-2021-STATCAN-RCS-VAPING-RETAIL-SALES,CA,Canada,2021,statcan_rcs_vaping_retail_sales,official_table_derived,quarterly_sum_no_status_symbol,napcs_5619122_electronic_cigarettes_e_liquid_refills_vaporizers_and_other_e_liquid_delivery_systems_at_retail,consumer_retail_sales_current_cad_quarterly_sum_not_accepted_donor,false,false,CAD,CAD,992732000,,,,,,,,CA-STATCAN-RCS-2019-2022,,"Statistics Canada RCS vaping retail sales, annual sum","Statistics Canadan RCS-sähkötupakkavähittäismyynti, vuosisumma","Sum of four national quarterly values from table 20-10-0016-01 vector v1038567205 in current CAD; no status symbol is attached to the four published quarters. The pre-2023 [44-453] aggregate includes Internet, mail, telephone and other orders made through in-scope retailers, but excludes separately managed online operations and pure-play Internet retailers classified to NAICS 45411. Statistics Canada confirmed on 2026-07-30 that the archived table uses the same basis as the current monthly and quarterly tables: GST, HST, PST and QST are excluded and additional duties embedded in retail prices are included. This is a derived annual survey estimate, not an accepted donor.","Neljän kansallisen vuosineljänneksen summa taulukon 20-10-0016-01 vektorista v1038567205 käyvin Kanadan dollarein; neljään julkaistuun neljännekseen ei liity statussymbolia. Vuotta 2023 edeltävä [44-453]-koonti sisältää soveltamisalaan kuuluvien vähittäiskauppiaiden internet-, posti-, puhelin- ja muut tilaukset, mutta jättää NAICS 45411 -luokkaan kuuluvat erikseen hallinnoidut verkkotoiminnot ja puhtaat verkkokauppiaat pois. Statistics Canada vahvisti 30.7.2026, että arkistoidussa taulukossa käytetään samaa perustaa kuin nykyisissä kuukausi- ja kvartaalitaulukoissa: GST, HST, PST ja QST rajataan pois ja vähittäishintaan sisältyvät lisäverot ovat mukana. Kyse on johdetusta vuositason kyselyestimaatista, ei hyväksytystä luovuttajasta."
observation,CA-2022-STATCAN-RCS-VAPING-RETAIL-SALES,CA,Canada,2022,statcan_rcs_vaping_retail_sales,official_table_derived,quarterly_sum_status_E_D_D_D,napcs_5619122_electronic_cigarettes_e_liquid_refills_vaporizers_and_other_e_liquid_delivery_systems_at_retail,consumer_retail_sales_current_cad_quarterly_sum_not_accepted_donor,false,false,CAD,CAD,1277158000,,,,,,,,CA-STATCAN-RCS-2019-2022,,"Statistics Canada RCS vaping retail sales, annual sum","Statistics Canadan RCS-sähkötupakkavähittäismyynti, vuosisumma","Sum of four national quarterly values from table 20-10-0016-01 vector v1038567205 in current CAD. Published quarter statuses are Q1 E (use with caution) and Q2–Q4 D. The pre-2023 [44-453] aggregate includes Internet, mail, telephone and other orders made through in-scope retailers, but excludes separately managed online operations and pure-play Internet retailers classified to NAICS 45411. Statistics Canada confirmed on 2026-07-30 that the archived table uses the same basis as the current monthly and quarterly tables: GST, HST, PST and QST are excluded and additional duties embedded in retail prices are included. This is a derived annual survey estimate, not an accepted donor.","Neljän kansallisen vuosineljänneksen summa taulukon 20-10-0016-01 vektorista v1038567205 käyvin Kanadan dollarein. Julkaistut neljännesstatukset ovat Q1 E (käytettävä varoen) ja Q2–Q4 D. Vuotta 2023 edeltävä [44-453]-koonti sisältää soveltamisalaan kuuluvien vähittäiskauppiaiden internet-, posti-, puhelin- ja muut tilaukset, mutta jättää NAICS 45411 -luokkaan kuuluvat erikseen hallinnoidut verkkotoiminnot ja puhtaat verkkokauppiaat pois. Statistics Canada vahvisti 30.7.2026, että arkistoidussa taulukossa käytetään samaa perustaa kuin nykyisissä kuukausi- ja kvartaalitaulukoissa: GST, HST, PST ja QST rajataan pois ja vähittäishintaan sisältyvät lisäverot ovat mukana. Kyse on johdetusta vuositason kyselyestimaatista, ei hyväksytystä luovuttajasta."
observation,CA-2023-STATCAN-RCS-VAPING-RETAIL-SALES,CA,Canada,2023,statcan_rcs_vaping_retail_sales,official_table_derived,quarterly_sum_status_E_D_E_E,napcs_5619122_electronic_cigarettes_e_liquid_refills_vaporizers_and_other_e_liquid_delivery_systems_at_retail,consumer_retail_sales_current_cad_quarterly_sum_not_accepted_donor,false,false,CAD,CAD,1530758000,,,,,,,,CA-STATCAN-RCS-2023-2025,,"Statistics Canada RCS vaping retail sales, annual sum","Statistics Canadan RCS-sähkötupakkavähittäismyynti, vuosisumma","Sum of four national quarterly values from table 20-10-0071-01 vector v1456717514 in current CAD. Published quarter statuses are Q1 E, Q2 D, Q3 E and Q4 E; E means use with caution. Starting in 2023, Internet retail, direct selling and mail-order retail are classified by goods sold rather than separately, but Statistics Canada confirmed that the target population ends at 459993; official NAICS examples place vape-specialist retailing in excluded class 459999. The table excludes GST, HST, PST and QST and includes additional duties embedded in retail prices, which can include federal, additional and provincial vaping duties. NAPCS and NAICS 2022 create a classification and scope break from 2022. This is a derived annual survey estimate, not an accepted donor.","Neljän kansallisen vuosineljänneksen summa taulukon 20-10-0071-01 vektorista v1456717514 käyvin Kanadan dollarein. Julkaistut neljännesstatukset ovat Q1 E, Q2 D, Q3 E ja Q4 E; E tarkoittaa varoen käytettävää lukua. Vuodesta 2023 internet-, suoramyynti- ja postimyynti luokitellaan myytyjen tavaroiden eikä erillisen kanavan mukaan, mutta Statistics Canada vahvisti kohdejoukon päättyvän luokkaan 459993; viralliset NAICS-esimerkit sijoittavat vape-erikoiskaupan ulkopuoliseen luokkaan 459999. Taulukko rajaa GST-, HST-, PST- ja QST-verot pois ja sisältää vähittäishintaan sisältyvät lisäverot, joihin voivat kuulua liittovaltion vaping-vero, lisävaping-vero ja provinssien vaping-verot. NAPCS- ja NAICS 2022 muodostavat luokitus- ja laajuuskatkon vuoteen 2022 nähden. Kyse on johdetusta vuositason kyselyestimaatista, ei hyväksytystä luovuttajasta."
observation,CA-2024-STATCAN-RCS-VAPING-RETAIL-SALES,CA,Canada,2024,statcan_rcs_vaping_retail_sales,official_table_derived,quarterly_sum_all_quarters_status_E,napcs_5619122_electronic_cigarettes_e_liquid_refills_vaporizers_and_other_e_liquid_delivery_systems_at_retail,consumer_retail_sales_current_cad_quarterly_sum_not_accepted_donor,false,false,CAD,CAD,1219160000,,,,,,,,CA-STATCAN-RCS-2023-2025,,"Statistics Canada RCS vaping retail sales, annual sum","Statistics Canadan RCS-sähkötupakkavähittäismyynti, vuosisumma","Sum of four national quarterly values from table 20-10-0071-01 vector v1456717514 in current CAD. All four quarters carry status E: use with caution, with a coefficient of variation greater than 25% under the cube note; Statistics Canada confirmed that exact product-class CV, imputation, standard-error and annual-covariance information is unavailable. The target population ends at 459993, while official NAICS examples place vape-specialist retailing in excluded class 459999. The reviewed quarterly, monthly and archived tables exclude GST, HST, PST and QST and include embedded additional duties, which can include federal, additional and provincial vaping duties. This is a derived annual survey estimate, not an accepted donor.","Neljän kansallisen vuosineljänneksen summa taulukon 20-10-0071-01 vektorista v1456717514 käyvin Kanadan dollarein. Kaikilla neljällä neljänneksellä on status E: lukua on käytettävä varoen ja kuution huomautuksen mukaan variaatiokerroin on yli 25 %; Statistics Canada vahvisti, ettei täsmällisiä tuoteryhmätason CV-, imputointi-, keskivirhe- tai vuositason kovarianssitietoja ole saatavilla. Kohdejoukko päättyy luokkaan 459993, kun viralliset NAICS-esimerkit sijoittavat vape-erikoiskaupan ulkopuoliseen luokkaan 459999. Tarkistetut kvartaali-, kuukausi- ja arkistotaulukot rajaavat GST-, HST-, PST- ja QST-verot pois ja sisältävät hintaan upotetut lisäverot, joihin voivat kuulua liittovaltion, lisä- ja provinssien vaping-verot. Kyse on johdetusta vuositason kyselyestimaatista, ei hyväksytystä luovuttajasta."
observation,CA-2025-STATCAN-RCS-VAPING-RETAIL-SALES,CA,Canada,2025,statcan_rcs_vaping_retail_sales,official_table_derived,quarterly_sum_all_quarters_status_E,napcs_5619122_electronic_cigarettes_e_liquid_refills_vaporizers_and_other_e_liquid_delivery_systems_at_retail,consumer_retail_sales_current_cad_quarterly_sum_not_accepted_donor,false,false,CAD,CAD,1266567000,,,,,,,,CA-STATCAN-RCS-2023-2025,,"Statistics Canada RCS vaping retail sales, annual sum","Statistics Canadan RCS-sähkötupakkavähittäismyynti, vuosisumma","Sum of four national quarterly values from table 20-10-0071-01 vector v1456717514 in current CAD. All four quarters carry status E: use with caution, with a coefficient of variation greater than 25% under the cube note; Statistics Canada confirmed that exact product-class CV, imputation, standard-error and annual-covariance information is unavailable. The target population ends at 459993, while official NAICS examples place vape-specialist retailing in excluded class 459999. The reviewed quarterly, monthly and archived tables exclude GST, HST, PST and QST and include embedded additional duties, which can include federal, additional and provincial vaping duties. This is a derived annual survey estimate, not an accepted donor.","Neljän kansallisen vuosineljänneksen summa taulukon 20-10-0071-01 vektorista v1456717514 käyvin Kanadan dollarein. Kaikilla neljällä neljänneksellä on status E: lukua on käytettävä varoen ja kuution huomautuksen mukaan variaatiokerroin on yli 25 %; Statistics Canada vahvisti, ettei täsmällisiä tuoteryhmätason CV-, imputointi-, keskivirhe- tai vuositason kovarianssitietoja ole saatavilla. Kohdejoukko päättyy luokkaan 459993, kun viralliset NAICS-esimerkit sijoittavat vape-erikoiskaupan ulkopuoliseen luokkaan 459999. Tarkistetut kvartaali-, kuukausi- ja arkistotaulukot rajaavat GST-, HST-, PST- ja QST-verot pois ja sisältävät hintaan upotetut lisäverot, joihin voivat kuulua liittovaltion, lisä- ja provinssien vaping-verot. Kyse on johdetusta vuositason kyselyestimaatista, ei hyväksytystä luovuttajasta."
observation,CA-2022-CTNS-DEVICE-VAPE-SHOP-SHARE,CA,Canada,2022,usual_acquisition_source_vape_shop_share,derived_official_files,weighted_pumf_point_estimate_precision_withheld_id_set_mismatch,vaping_devices_from_in_person_vape_shop_among_past_30_day_vapers_with_valid_source_response,official_consumer_survey_channel_share_not_expenditure_or_retail_sales,false,false,,%,62.9433183834,,,,,,,,CA-STATCAN-CTNS-2022-PUMF,,Current users usually obtaining vaping devices from an in-person vape shop,"Nykykäyttäjät, jotka hankkivat sähkötupakkalaitteet tavallisesti fyysisestä vape-erikoisliikkeestä","Weighted CTNS 2022 PUMF point estimate: 650 yes responses among 1,099 valid responses, weighted numerator 1,162,671.63 and denominator 1,847,172.44. The official response option means a vape shop, not online. Precision is not computed: the public PUMF has 12,133 unique IDs while the bootstrap file has 11,526, and absent replicate weights are not assumed to be zero. Acquisition-source items are multi-select, so categories do not sum to 100%. This measures self-reported usual source among past-30-day vapers, not expenditure, sales, channel coverage or the missing 2024 channel value; territories, reserves and collective dwellings are outside the target population.","CTNS 2022 -mikrodatan painotettu piste-estimaatti: 650 kyllä-vastausta 1 099 hyväksytystä vastauksesta, painotettu osoittaja 1 162 671,63 ja nimittäjä 1 847 172,44. Virallinen vastausvaihtoehto tarkoittaa fyysistä vape-erikoisliikettä, ei verkkokauppaa. Tarkkuutta ei lasketa: julkisessa PUMF-aineistossa on 12 133 yksilöllistä tunnistetta ja bootstrap-tiedostossa 11 526, eikä puuttuvia toistopainoja oleteta nolliksi. Hankintalähdekysymykset ovat monivalintaisia, joten luokat eivät summaudu sataan. Mittari kuvaa viimeisen 30 päivän aikana käyttäneiden itse ilmoittamaa tavallista hankintalähdettä, ei kulutusta, myyntiä, kanavakattavuutta tai puuttuvaa vuoden 2024 kanava-arvoa; territoriot, reservaatit ja yhteisasunnot jäävät kohdejoukon ulkopuolelle."
observation,CA-2022-CTNS-LIQUID-VAPE-SHOP-SHARE,CA,Canada,2022,usual_acquisition_source_vape_shop_share,derived_official_files,weighted_pumf_point_estimate_precision_withheld_id_set_mismatch,vaping_liquids_from_in_person_vape_shop_among_past_30_day_vapers_with_valid_source_response,official_consumer_survey_channel_share_not_expenditure_or_retail_sales,false,false,,%,62.9955359395,,,,,,,,CA-STATCAN-CTNS-2022-PUMF,,Current users usually obtaining vaping liquids from an in-person vape shop,"Nykykäyttäjät, jotka hankkivat sähkötupakan nesteet tavallisesti fyysisestä vape-erikoisliikkeestä","Weighted CTNS 2022 PUMF point estimate: 644 yes responses among 1,095 valid responses, weighted numerator 1,156,389.89 and denominator 1,835,669.58. The official response option means a vape shop, not online. Precision is not computed: the public PUMF has 12,133 unique IDs while the bootstrap file has 11,526, and absent replicate weights are not assumed to be zero. Acquisition-source items are multi-select, so categories do not sum to 100%. This measures self-reported usual source among past-30-day vapers, not expenditure, sales, channel coverage or the missing 2024 channel value; territories, reserves and collective dwellings are outside the target population.","CTNS 2022 -mikrodatan painotettu piste-estimaatti: 644 kyllä-vastausta 1 095 hyväksytystä vastauksesta, painotettu osoittaja 1 156 389,89 ja nimittäjä 1 835 669,58. Virallinen vastausvaihtoehto tarkoittaa fyysistä vape-erikoisliikettä, ei verkkokauppaa. Tarkkuutta ei lasketa: julkisessa PUMF-aineistossa on 12 133 yksilöllistä tunnistetta ja bootstrap-tiedostossa 11 526, eikä puuttuvia toistopainoja oleteta nolliksi. Hankintalähdekysymykset ovat monivalintaisia, joten luokat eivät summaudu sataan. Mittari kuvaa viimeisen 30 päivän aikana käyttäneiden itse ilmoittamaa tavallista hankintalähdettä, ei kulutusta, myyntiä, kanavakattavuutta tai puuttuvaa vuoden 2024 kanava-arvoa; territoriot, reservaatit ja yhteisasunnot jäävät kohdejoukon ulkopuolelle."
observation,NZ-2022-NOTIFIABLE-PRODUCT-REPORTED-REVENUE,NZ,New Zealand,2022,official_reported_revenue_mixed_supply_stages,official_provisional,official_approximation_with_significant_quality_warning,all_notifiable_products_including_vaping_smokeless_tobacco_and_herbal_smoking_products,mixed_supply_stage_revenue_incomplete_not_retail_market_value,false,false,NZD,NZD,404000000,,,,,,,,NZ-MOH-ANNUAL-RETURNS-2022,,Approximate reported revenue from notifiable products,Ilmoitettujen ilmoitusvelvollisten tuotteiden liikevaihdon likimäärä,"Official headline approximation combining manufacturers, importers and specialist vape retailers, excluding general retailers and including vaping, smokeless-tobacco and herbal-smoking products. The Ministry reports significant data-entry and interpretation errors and says the data should not support thorough research.","Virallinen otsikkotason likimäärä yhdistää valmistajat, maahantuojat ja erikoistuneet sähkötupakkakauppiaat, jättää yleisvähittäiskaupan pois ja sisältää sähkötupakka-, savuton tupakka- ja yrttipolttotuotteet. Ministeriö ilmoittaa merkittävistä syöttö- ja tulkintavirheistä eikä suosittele aineistoa perusteelliseen tutkimukseen."
observation,NZ-2023-NOTIFIABLE-PRODUCT-REPORTED-REVENUE-LOWER-BOUND,NZ,New Zealand,2023,official_reported_revenue_mixed_supply_stages,official_provisional,official_lower_bound_with_quality_warning,regulated_notifiable_products_including_heated_tobacco,mixed_supply_stage_revenue_incomplete_not_retail_market_value,false,false,NZD,NZD,374000000,,,,,,,,NZ-MOH-ANNUAL-RETURNS-2023,,Reported notifiable-product revenue lower bound,Ilmoitettujen ilmoitusvelvollisten tuotteiden liikevaihdon alaraja,"Official at-least NZD 374 million headline based on manufacturer, importer and retailer returns and including heated-tobacco products. Reporting is incomplete, the collection has quality issues and mixed supply stages may overlap; the Ministry does not recommend the data for in-depth research.","Virallinen vähintään 374 miljoonan Uuden-Seelannin dollarin otsikkoluku perustuu valmistaja-, maahantuoja- ja vähittäiskauppailmoituksiin ja sisältää kuumennettavia tupakkatuotteita. Raportointi on puutteellista, aineiston laadussa on ongelmia ja toimitusketjun tasot voivat limittyä; ministeriö ei suosittele aineistoa perusteelliseen tutkimukseen."
observation,NZ-2024-SPECIALIST-RETAIL-SALES-LOWER-BOUND,NZ,New Zealand,2024,official_specialist_retail_sales_lower_bound,official_provisional,official_lower_bound_with_quality_warning,notifiable_products_including_vaping_smokeless_tobacco_and_herbal_smoking_products,specialist_vape_retailer_sales_incomplete_lower_bound_mixed_notifiable_products,false,false,NZD,NZD,280000000,,,,,,,,NZ-MOH-ANNUAL-RETURNS-2024,,Specialist-vape-retailer sales lower bound,Erikoistuneiden sähkötupakkakauppiaiden myynnin alaraja,"Official at-least NZD 280 million consumer-retail lower bound based only on incomplete specialist-vape-retailer sales. General retail is outside the figure, adjacent notifiable products are included and the Ministry does not recommend the data for in-depth research.","Virallinen vähintään 280 miljoonan Uuden-Seelannin dollarin kuluttajavähittäismyynnin alaraja perustuu vain puutteellisiin erikoistuneiden sähkötupakkakauppiaiden myynteihin. Yleisvähittäiskauppa puuttuu, viereisiä ilmoitusvelvollisia tuoteryhmiä sisältyy eikä ministeriö suosittele aineistoa perusteelliseen tutkimukseen."
observation,NZ-2024-SPECIALIST-RETAIL-PRODUCT-SALES-RAW-FILE-SUM,NZ,New Zealand,2024,derived_official_workbook_sales_raw_sum,derived_official_files,reproduced_raw_file_sum_with_quality_warning,specialist_retail_product_rows_including_vaping_and_adjacent_notifiable_products,raw_workbook_sum_not_cleaned_or_complete_national_market,false,false,NZD,NZD,280684512.81,,,,,,,,NZ-MOH-ANNUAL-RETURNS-2024,,Reproduced 2024 specialist-retail product-row sales sum,Vuoden 2024 erikoisvähittäiskaupan tuoterivien toistettu myyntisumma,"Independent arithmetic over all 29 official XLSX files sums the 612,765 numeric Total sales cells to NZD 280,684,512.81, reconciling the Ministry's at-least NZD 280 million headline. The files contain 95,144 exact repeated row signatures; removing repeats would produce NZD 264,561,055.05, but repeat semantics are unverified, so neither value is a cleaned national estimate. General retail, missing returns and GST treatment remain unresolved.","Kaikkien 29 virallisen XLSX-tiedoston riippumaton laskenta summaa 612 765 numeerista Total sales -solua 280 684 512,81 Uuden-Seelannin dollariin, mikä täsmää ministeriön vähintään 280 miljoonan dollarin otsikkolukuun. Tiedostoissa on 95 144 täsmälleen toistuvaa riviallekirjoitusta; toistojen poistaminen antaisi 264 561 055,05 dollaria, mutta toistojen merkitystä ei ole vahvistettu, joten kumpikaan luku ei ole puhdistettu kansallinen estimaatti. Yleisvähittäiskauppa, puuttuvat ilmoitukset ja GST-käsittely ovat avoimia."
observation,NZ-2024-IDENTIFIED-VAPING-PRODUCT-SALES-RAW-SUM,NZ,New Zealand,2024,derived_identified_vaping_product_sales_raw_sum,derived_official_files,keyword_classified_raw_file_sum_with_quality_warning,specialist_retail_rows_with_product_type_text_identified_as_vaping,conservative_text_classification_raw_sum_not_donor,false,false,NZD,NZD,274180410.21,,,,,,,,NZ-MOH-ANNUAL-RETURNS-2024|NZ-MOH-ANNUAL-RETURN-REQUIREMENTS|NZ-MOH-ANNUAL-RETURNS-2024-GUIDE,,Reproduced specialist-retailer identified-vaping subtotal,Toistettu erikoisvähittäiskaupan tunnistettu sähkötupakkasumma,"A public deterministic classification identifies NZD 189,402,451.96 of consumables, NZD 84,709,409.85 of devices/hardware and NZD 68,548.40 of mixed systems, totalling NZD 274,180,410.21. NZD 2,137,085.24 of adjacent notifiable products and NZD 4,367,017.37 of unresolved product type are separately quantified and excluded. All observed value comes from AIS/AVP specialist-retailer Total sales fields; Notifier and RPS observed value is not added. The NZD 258,327,110.88 exact-row-deduplication sensitivity is not a corrected estimate. Incomplete national coverage, repeated-row uncertainty, unknown GST treatment and no independent reconciliation keep the subtotal donor-ineligible.","Julkinen deterministinen luokitus tunnistaa kulutustarvikkeiksi 189 402 451,96 NZD, laitteiksi ja hardwareksi 84 709 409,85 NZD sekä sekajärjestelmiksi 68 548,40 NZD, yhteensä 274 180 410,21 NZD. Viereiset ilmoitusvelvolliset tuotteet 2 137 085,24 NZD ja ratkaisematon tuotetyyppi 4 367 017,37 NZD määrällistetään erikseen ja rajataan pois. Kaikki havaittu arvo tulee AIS/AVP-erikoisvähittäiskaupan Total sales -kentistä; Notifier- ja RPS-arvoja ei lisätä. Täsmälleen toistuvien rivien poistamisen 258 327 110,88 NZD:n herkkyys ei ole korjattu estimaatti. Puutteellinen valtakunnallinen peitto, toistorivien epävarmuus, tuntematon GST-käsittely ja riippumattoman täsmäytyksen puute estävät donor-käytön."
observation,EU-2023-EC-E-CIGARETTE-MARKET-BENCHMARK,,European Union,2023,institutional_market_value_benchmark,institutional_supported,published_secondary_benchmark,external_study_e_cigarettes_including_devices_closed_refills_and_open_system_liquids,external_study_benchmark_published_by_official_institution_not_donor,false,false,EUR,EUR,4990000000,,,,,,,,EU-EC-SWD-2025-560|EU-EC-SWD-2026-111,,European Commission-published e-cigarette market benchmark,Euroopan komission julkaisema sähkötupakkamarkkinan vertailuarvo,"SWD(2026) 111 Table 4 reports EUR 4.99 billion for the 2023 EU e-cigarette market; its source note identifies Euromonitor International's Tobacco 2025 industry edition. SWD(2025) 560 Annex 13 independently describes a nearly EUR 5 billion aggregate, defines the scope as devices and liquids including nicotine-free products, and attributes its chart to an external study based on Euromonitor. That annex notes unavailable information for Cyprus, Luxembourg and Malta. The full method and reusable country dataset are not public, so this remains a supported secondary benchmark, not an official observed donor market.","SWD(2026) 111:n taulukko 4 raportoi EU:n vuoden 2023 sähkötupakkamarkkinaksi 4,99 miljardia euroa; lähdehuomautus yksilöi aineistoksi Euromonitor Internationalin Tobacco 2025 -toimialapainoksen. SWD(2025) 560:n liite 13 kuvaa erikseen lähes 5 miljardin euron koonnin, määrittelee laitteet ja myös nikotiinittomat nesteet sisältävän rajauksen sekä kertoo kuvaajan perustuvan Euromonitoria käyttävään ulkopuoliseen tutkimukseen. Liite ilmoittaa Kyproksen, Luxemburgin ja Maltan tiedot puuttuviksi. Koko menetelmä ja uudelleenkäytettävä maadata eivät ole julkisia, joten kyse on tuetusta toissijaisesta vertailuarvosta eikä virallisesta havaitusta luovuttajamarkkinasta."
observation,DE-2023-TAXED-LIQUID-VOLUME-L,DE,Germany,2023,taxed_substitutes_volume,official_observed,final,taxed_substitutes_for_tobacco_liquid_only,taxed_physical_volume_not_retail_market_value,false,false,,litre,1241000,,,,,,,,DE-DESTATIS-73411-0003,,"Net taxed substitutes for tobacco, liquid volume","Verotettujen tupakankorvikkeiden nettomäärä, nestetilavuus","Official taxed liquid volume; it does not measure devices, untaxed or illicit sales, or retail market value.","Virallinen verotettu nestemäärä; se ei mittaa laitteita, verottomia tai laittomia myyntejä eikä vähittäismarkkina-arvoa."
observation,DE-2023-SUBSTITUTES-EXCISE-RECEIPTS,DE,Germany,2023,substitutes_excise_receipts,official_observed,final,taxed_substitutes_for_tobacco_liquid_only,excise_receipts_not_retail_market_value,false,false,EUR,EUR,201000000,,,,,,,,DE-DESTATIS-73411-0003,,Excise receipts from substitutes for tobacco,Tupakankorvikkeiden valmisteverotulot,Official cash excise receipts. Tax revenue is not sales revenue or retail market value.,Viralliset kassaperusteiset valmisteverotulot. Verotulo ei ole myyntituloa eikä vähittäismarkkina-arvoa.
observation,DE-2024-TAXED-LIQUID-VOLUME-L,DE,Germany,2024,taxed_substitutes_volume,official_observed,final,taxed_substitutes_for_tobacco_liquid_only,taxed_physical_volume_not_retail_market_value,false,false,,litre,1284000,,,,,,,,DE-DESTATIS-73411-0003,,"Net taxed substitutes for tobacco, liquid volume","Verotettujen tupakankorvikkeiden nettomäärä, nestetilavuus","Official taxed liquid volume; it does not measure devices, untaxed or illicit sales, or retail market value.","Virallinen verotettu nestemäärä; se ei mittaa laitteita, verottomia tai laittomia myyntejä eikä vähittäismarkkina-arvoa."
observation,DE-2024-SUBSTITUTES-EXCISE-RECEIPTS,DE,Germany,2024,substitutes_excise_receipts,official_observed,final,taxed_substitutes_for_tobacco_liquid_only,excise_receipts_not_retail_market_value,false,false,EUR,EUR,266000000,,,,,,,,DE-DESTATIS-73411-0003,,Excise receipts from substitutes for tobacco,Tupakankorvikkeiden valmisteverotulot,Official cash excise receipts. Tax revenue is not sales revenue or retail market value.,Viralliset kassaperusteiset valmisteverotulot. Verotulo ei ole myyntituloa eikä vähittäismarkkina-arvoa.
observation,DE-2025-TAXED-LIQUID-VOLUME-L,DE,Germany,2025,taxed_substitutes_volume,official_provisional,provisional,taxed_substitutes_for_tobacco_liquid_only,taxed_physical_volume_not_retail_market_value,false,false,,litre,1518000,,,,,,,,DE-DESTATIS-73411-0003,,"Net taxed substitutes for tobacco, liquid volume","Verotettujen tupakankorvikkeiden nettomäärä, nestetilavuus","Provisional official taxed liquid volume; it does not measure devices, untaxed or illicit sales, or retail market value.","Alustava virallinen verotettu nestemäärä; se ei mittaa laitteita, verottomia tai laittomia myyntejä eikä vähittäismarkkina-arvoa."
observation,DE-2025-SUBSTITUTES-EXCISE-RECEIPTS,DE,Germany,2025,substitutes_excise_receipts,official_provisional,provisional,taxed_substitutes_for_tobacco_liquid_only,excise_receipts_not_retail_market_value,false,false,EUR,EUR,404000000,,,,,,,,DE-DESTATIS-73411-0003,,Excise receipts from substitutes for tobacco,Tupakankorvikkeiden valmisteverotulot,Provisional official cash excise receipts. Tax revenue is not sales revenue or retail market value.,Alustavat viralliset kassaperusteiset valmisteverotulot. Verotulo ei ole myyntituloa eikä vähittäismarkkina-arvoa.
observation,DE-2020-CPI-WEIGHT-E-CIGARETTE-DEVICES-PER-MILLE,DE,Germany,2020,cpi_household_expenditure_weight,official_observed,published_base_year_weight,sea_cpi_1232902200_disposable_and_reusable_electronic_cigarette_devices,official_cpi_expenditure_structure_weight_not_annual_sales_value,false,false,,per_mille,0.05,,,,,,,,DE-DESTATIS-CPI-WEIGHTS-2020,,CPI expenditure weight for disposable and reusable e-cigarette devices,Kertakäyttöisten ja uudelleenkäytettävien sähkötupakkalaitteiden CPI-kulutuspaino,"Destatis SEA-CPI 1232902200, PDF page 22: 0.05 per mille in the base-2020 consumer-price-index weighting pattern. It is an expenditure-structure weight, not an annual device-unit count, annual sales value, channel total or 2019–2025 time series, and it is not multiplied by an assumed household-spending denominator.","Destatis SEA-CPI 1232902200, PDF-sivu 22: 0,05 promillea vuoden 2020 perusvuoden kuluttajahintaindeksin painorakenteessa. Kyse on kulutusrakenteen painosta, ei vuotuisesta laitekappalemäärästä, vuosimyynnistä, kanavasummasta tai vuosien 2019–2025 aikasarjasta, eikä sitä kerrota oletetulla kotitalouskulutuksen nimittäjällä."
observation,DE-2020-CPI-WEIGHT-E-LIQUID-TOBACCO-STICKS-PER-MILLE,DE,Germany,2020,cpi_household_expenditure_weight,official_observed,published_base_year_weight,sea_cpi_0220301200_e_liquid_tobacco_sticks_or_similar_for_e_cigarettes,official_cpi_expenditure_structure_weight_mixed_liquid_and_tobacco_sticks_not_annual_sales_value,false,false,,per_mille,0.16,,,,,,,,DE-DESTATIS-CPI-WEIGHTS-2020,,"CPI expenditure weight for e-liquid, tobacco sticks or similar products","E-nesteiden, tupakkatikkujen tai vastaavien tuotteiden CPI-kulutuspaino","Destatis SEA-CPI 0220301200, PDF page 7: 0.16 per mille in the base-2020 weighting pattern. The item mixes e-liquid with heated-tobacco sticks or similar products and therefore cannot establish an e-liquid-only value. The parent 02203 index is dominated by ordinary tobacco and must not be presented as an e-cigarette price index.","Destatis SEA-CPI 0220301200, PDF-sivu 7: 0,16 promillea vuoden 2020 perusvuoden painorakenteessa. Nimike sekoittaa e-nesteet kuumennettavan tupakan tikkuihin tai vastaaviin tuotteisiin eikä siten osoita pelkän e-nesteen arvoa. Emoryhmä 02203 painottuu tavalliseen tupakkaan, joten sitä ei saa esittää sähkötupakan hintaindeksinä."
observation,DE-2019-WZ4726-TAXABLE-TURNOVER-EUR,DE,Germany,2019,wz4726_tobacco_specialist_taxable_supplies_and_services_turnover,official_table_derived,official_table_thousand_eur_multiplied_by_1000,all_enterprises_main_activity_wz4726_retail_sale_of_tobacco_products,enterprise_tax_return_supplies_and_services_turnover_broad_tobacco_specialist_channel_not_vape_retail_value,false,false,EUR,EUR,2247267035,,,,,,,,DE-DESTATIS-WZ4726-TURNOVER-2019,,WZ 47.26 tobacco-specialist taxable supplies-and-services turnover envelope,WZ 47.26 -tupakkaerikoiskaupan verollisten tavaroiden ja palvelujen liikevaihtokuori,"Destatis 2009-2019 time-series workbook, sheet Daten 2009-2019, row 627, reports 2,346 enterprises and EUR 2,247,267.035 thousand of Lieferungen und Leistungen; multiplied by 1,000. Reviewed SHA-256 a93603428d3c5b3019e7b01eafc2a64b0320f682c572fc1178a343e1577e0934. It includes conventional tobacco and other enterprise revenue, is not consumer RSP, and excludes online-only WZ 47.91 and retailers classified by another main activity.","Destatisin 2009–2019-aikasarjatyökirjan Daten 2009-2019 -välilehden rivi 627 raportoi 2 346 yritystä ja 2 247 267,035 tuhatta euroa Lieferungen und Leistungen -liikevaihtoa; arvo on kerrottu tuhannella. Tarkistettu SHA-256 a93603428d3c5b3019e7b01eafc2a64b0320f682c572fc1178a343e1577e0934. Luku sisältää tavallisen tupakan ja muuta yritysliikevaihtoa, ei ole kuluttajahintainen RSP ja rajaa pois pelkän verkkokaupan WZ 47.91 -toimijat sekä muun päätoimialan kauppiaat."
observation,DE-2020-WZ4726-TAXABLE-TURNOVER-EUR,DE,Germany,2020,wz4726_tobacco_specialist_taxable_supplies_and_services_turnover,official_table_derived,official_table_thousand_eur_multiplied_by_1000,all_enterprises_main_activity_wz4726_retail_sale_of_tobacco_products,enterprise_tax_return_supplies_and_services_turnover_broad_tobacco_specialist_channel_not_vape_retail_value,false,false,EUR,EUR,2444948000,,,,,,,,DE-DESTATIS-WZ4726-TURNOVER-2020,,WZ 47.26 tobacco-specialist taxable supplies-and-services turnover envelope,WZ 47.26 -tupakkaerikoiskaupan verollisten tavaroiden ja palvelujen liikevaihtokuori,"Destatis 2020 VAT advance-return report, table 2.3 on PDF page 22, reports 2,244 WZ 47.26 enterprises and EUR 2,444,948 thousand of Lieferungen und Leistungen; multiplied by 1,000 at source resolution. Reviewed SHA-256 e2d38ee9895dea299989a2368dafac7fef78091c3a558d33ee19858164703e19. The broad perimeter includes conventional tobacco and other revenue, is not consumer RSP or e-cigarette-only sales, and omits online-only and differently classified retailers.","Destatisin vuoden 2020 ALV-ennakkoilmoitusraportin taulukko 2.3 PDF-sivulla 22 raportoi 2 244 WZ 47.26 -yritystä ja 2 444 948 tuhatta euroa Lieferungen und Leistungen -liikevaihtoa; arvo on kerrottu tuhannella lähteen tarkkuudella. Tarkistettu SHA-256 e2d38ee9895dea299989a2368dafac7fef78091c3a558d33ee19858164703e19. Laaja rajaus sisältää tavallisen tupakan ja muuta liikevaihtoa, ei ole kuluttajahintainen RSP tai pelkkää sähkötupakkamyyntiä ja jättää verkkokaupan sekä muun päätoimialan kauppiaita ulkopuolelle."
observation,DE-2021-WZ4726-TAXABLE-TURNOVER-EUR,DE,Germany,2021,wz4726_tobacco_specialist_taxable_supplies_and_services_turnover,official_table_derived,official_table_thousand_eur_multiplied_by_1000,all_enterprises_main_activity_wz4726_retail_sale_of_tobacco_products,enterprise_tax_return_supplies_and_services_turnover_broad_tobacco_specialist_channel_not_vape_retail_value,false,false,EUR,EUR,2325648577,,,,,,,,DE-DESTATIS-WZ4726-TURNOVER-2021,,WZ 47.26 tobacco-specialist taxable supplies-and-services turnover envelope,WZ 47.26 -tupakkaerikoiskaupan verollisten tavaroiden ja palvelujen liikevaihtokuori,"Destatis 2021 workbook, sheet 73311-02 row 625 (machine-readable csv-73311-02 row 617), reports 2,183 enterprises and EUR 2,325,648.577 thousand of Steuerbarer Umsatz: Lieferungen und Leistungen; multiplied by 1,000. Reviewed SHA-256 e23ee1e302a8c0fb3cc61229c4a3bf8e7cf2354373e4b119266236f3b06058ed. This is a broad tobacco-specialist enterprise-stage envelope, not consumer RSP or e-cigarette-only sales.","Destatisin vuoden 2021 työkirjan 73311-02-välilehden rivi 625 (koneellinen csv-73311-02-rivi 617) raportoi 2 183 yritystä ja 2 325 648,577 tuhatta euroa Steuerbarer Umsatz: Lieferungen und Leistungen -liikevaihtoa; arvo on kerrottu tuhannella. Tarkistettu SHA-256 e23ee1e302a8c0fb3cc61229c4a3bf8e7cf2354373e4b119266236f3b06058ed. Kyse on laajasta yritysvaiheen tupakkaerikoiskaupan kuoresta, ei kuluttajahintaisesta RSP:stä tai sähkötupakkakohtaisesta myynnistä."
observation,DE-2022-WZ4726-TAXABLE-TURNOVER-EUR,DE,Germany,2022,wz4726_tobacco_specialist_taxable_supplies_and_services_turnover,official_table_derived,official_table_thousand_eur_multiplied_by_1000,all_enterprises_main_activity_wz4726_retail_sale_of_tobacco_products,enterprise_tax_return_supplies_and_services_turnover_broad_tobacco_specialist_channel_not_vape_retail_value,false,false,EUR,EUR,2510888578,,,,,,,,DE-DESTATIS-WZ4726-TURNOVER-2022,,WZ 47.26 tobacco-specialist taxable supplies-and-services turnover envelope,WZ 47.26 -tupakkaerikoiskaupan verollisten tavaroiden ja palvelujen liikevaihtokuori,"Destatis 2022 workbook, sheet 73311-03 row 625 (machine-readable csv-73311-03 row 617), reports 2,111 enterprises and EUR 2,510,888.578 thousand of Steuerbarer Umsatz: Lieferungen und Leistungen; multiplied by 1,000. Reviewed SHA-256 48dbdee8fc65d1a93733bb3caa387cc5d82730564c61bd0e6703af281b8d9dc8. This is a broad tobacco-specialist enterprise-stage envelope, not consumer RSP or e-cigarette-only sales.","Destatisin vuoden 2022 työkirjan 73311-03-välilehden rivi 625 (koneellinen csv-73311-03-rivi 617) raportoi 2 111 yritystä ja 2 510 888,578 tuhatta euroa Steuerbarer Umsatz: Lieferungen und Leistungen -liikevaihtoa; arvo on kerrottu tuhannella. Tarkistettu SHA-256 48dbdee8fc65d1a93733bb3caa387cc5d82730564c61bd0e6703af281b8d9dc8. Kyse on laajasta yritysvaiheen tupakkaerikoiskaupan kuoresta, ei kuluttajahintaisesta RSP:stä tai sähkötupakkakohtaisesta myynnistä."
observation,DE-2023-WZ4726-TAXABLE-TURNOVER-EUR,DE,Germany,2023,wz4726_tobacco_specialist_taxable_supplies_and_services_turnover,official_table_derived,official_table_thousand_eur_multiplied_by_1000,all_enterprises_main_activity_wz4726_retail_sale_of_tobacco_products,enterprise_tax_return_supplies_and_services_turnover_broad_tobacco_specialist_channel_not_vape_retail_value,false,false,EUR,EUR,2581608198,,,,,,,,DE-DESTATIS-WZ4726-TURNOVER-2023,,WZ 47.26 tobacco-specialist taxable supplies-and-services turnover envelope,WZ 47.26 -tupakkaerikoiskaupan verollisten tavaroiden ja palvelujen liikevaihtokuori,"Destatis 2023 workbook, sheet 73311-03 row 625 (machine-readable csv-73311-03 row 617), reports 2,024 enterprises and EUR 2,581,608.198 thousand of Steuerbarer Umsatz: Lieferungen und Leistungen; multiplied by 1,000. Reviewed SHA-256 d4a9bf830e5174fe5a5271dd166508e1d19adbed4feb64f55b9ca89215f0fe89. This is a broad tobacco-specialist enterprise-stage envelope, not consumer RSP or e-cigarette-only sales.","Destatisin vuoden 2023 työkirjan 73311-03-välilehden rivi 625 (koneellinen csv-73311-03-rivi 617) raportoi 2 024 yritystä ja 2 581 608,198 tuhatta euroa Steuerbarer Umsatz: Lieferungen und Leistungen -liikevaihtoa; arvo on kerrottu tuhannella. Tarkistettu SHA-256 d4a9bf830e5174fe5a5271dd166508e1d19adbed4feb64f55b9ca89215f0fe89. Kyse on laajasta yritysvaiheen tupakkaerikoiskaupan kuoresta, ei kuluttajahintaisesta RSP:stä tai sähkötupakkakohtaisesta myynnistä."
observation,DE-2024-WZ4726-TAXABLE-TURNOVER-EUR,DE,Germany,2024,wz4726_tobacco_specialist_taxable_supplies_and_services_turnover,official_table_derived,official_table_thousand_eur_multiplied_by_1000,all_enterprises_main_activity_wz4726_retail_sale_of_tobacco_products,enterprise_tax_return_supplies_and_services_turnover_broad_tobacco_specialist_channel_not_vape_retail_value,false,false,EUR,EUR,2687776000,,,,,,,,DE-DESTATIS-WZ4726-TURNOVER-2024,,WZ 47.26 tobacco-specialist taxable supplies-and-services turnover envelope,WZ 47.26 -tupakkaerikoiskaupan verollisten tavaroiden ja palvelujen liikevaihtokuori,"Destatis table 73311-0002 reports 1,970 WZ 47.26 enterprises and EUR 2,687,776 thousand of Lieferungen und Leistungen in 2024; multiplied by 1,000. Reviewed CSV SHA-256 e78bf04a7dfd0aab7a0c9b359bb4388d6c22608bfe3aee92ec9dbd598de5f9a4. It includes conventional tobacco and other revenue, is not consumer RSP or e-cigarette-only sales, and excludes online-only WZ 47.91 and retailers classified by another main activity.","Destatisin taulukko 73311-0002 raportoi 1 970 WZ 47.26 -yritystä ja 2 687 776 tuhatta euroa Lieferungen und Leistungen -liikevaihtoa vuonna 2024; arvo on kerrottu tuhannella. Tarkistettu CSV:n SHA-256 e78bf04a7dfd0aab7a0c9b359bb4388d6c22608bfe3aee92ec9dbd598de5f9a4. Se sisältää tavallisen tupakan ja muuta liikevaihtoa, ei ole kuluttajahintainen RSP tai sähkötupakkakohtaista myyntiä ja rajaa pois pelkän verkkokaupan WZ 47.91 -toimijat sekä muun päätoimialan kauppiaat."
observation,FI-2025-NICOTINE-E-LIQUID-TAXED-VOLUME-L,FI,Finland,2025,nicotine_e_liquid_taxed_volume,official_observed,published,nicotine_containing_e_liquid_only,taxed_physical_volume_not_retail_market_value,false,false,,litre,11801.062,,,,,,,,FI-TAX-EXCISE-VVT-010-2025,,Taxed nicotine-containing e-liquid volume,Verotetun nikotiinillisen sähkösavukenesteen määrä,"Official full-year nicotine-containing e-liquid volume. The nicotine-free full-year value is suppressed, and this physical quantity excludes devices and is not retail market value.",Virallinen koko vuoden nikotiinillisen sähkösavukenesteen määrä. Nikotiinittoman nesteen koko vuoden arvo on salattu; fyysinen määrä ei sisällä laitteita eikä ole vähittäismarkkina-arvo.
observation,FI-2025-NICOTINE-E-LIQUID-EXCISE-RECEIPTS,FI,Finland,2025,nicotine_e_liquid_excise_receipts,official_observed,published,nicotine_containing_e_liquid_only,excise_receipts_not_retail_market_value,false,false,EUR,EUR,3540319,,,,,,,,FI-TAX-EXCISE-VVT-010-2025,,Excise receipts from nicotine-containing e-liquid,Nikotiinillisen sähkösavukenesteen valmisteverotulot,Official full-year excise receipts for nicotine-containing e-liquid. The nicotine-free full-year value is suppressed; tax revenue is not sales revenue or retail market value.,Viralliset koko vuoden nikotiinillisen sähkösavukenesteen valmisteverotulot. Nikotiinittoman nesteen koko vuoden arvo on salattu; verotulo ei ole myyntituloa eikä vähittäismarkkina-arvoa.
observation,PL-2022-DISPOSABLE-E-CIGARETTE-REPORTED-SALES-UNITS,PL,Poland,2022,disposable_e_cigarette_reported_sales_units,official_observed,official_response,disposable_e_cigarettes_only,producer_importer_reported_sales_quantity_transaction_stage_unspecified_not_market_value,false,false,,unit,19525600,,,,,,,,PL-SEJM-I01345-O1,,Producer/importer-reported disposable e-cigarette sales quantity,Valmistajien ja maahantuojien ilmoittama kertakäyttöisten sähkötupakoiden myyntimäärä,"The Ministry of Health states on PDF page 2 that 19,525,600 disposable electronic cigarettes were sold in 2022 and links the figure to statutory annual producer/importer reports containing sales volumes by brand and type. The response does not identify consumer sell-through, channel coverage, tax basis, prices, reusable devices or refill containers; this is a bounded unit anchor, not a full-market value.","Terveysministeriö ilmoittaa PDF-sivulla 2, että vuonna 2022 myytiin 19 525 600 kertakäyttöistä sähkötupakkaa, ja yhdistää luvun lakisääteisiin valmistajien ja maahantuojien vuosiraportteihin, joissa myyntimäärät eritellään merkeittäin ja tyypeittäin. Vastaus ei yksilöi kuluttajamyyntiä, kanavapeittoa, veroperustaa, hintoja, uudelleenkäytettäviä laitteita tai täyttösäiliöitä; kyse on rajatusta kappaleankkurista eikä koko markkinan arvosta."
observation,PL-2021-E-LIQUID-EXCISE-RECEIPTS,PL,Poland,2021,e_liquid_excise_receipts,official_observed,official_response,e_liquid_only,excise_receipts_not_retail_market_value,false,false,PLN,PLN,179500000,,,,,,,,PL-SEJM-I02408-O1,,E-liquid excise receipts,Sähkösavukenesteen valmisteverotulot,"Official full-year excise receipts. Tax revenue is not sales revenue or retail market value and is not inverted into litres or consumer value without rate, timing, refund, product-scope and price controls.","Viralliset koko vuoden valmisteverotulot. Verotulo ei ole myyntituloa eikä vähittäismarkkina-arvoa, eikä sitä käännetä litroiksi tai kuluttaja-arvoksi ilman verokanta-, ajoitus-, palautus-, tuoterajaus- ja hintakontrolleja."
observation,PL-2022-E-LIQUID-EXCISE-RECEIPTS,PL,Poland,2022,e_liquid_excise_receipts,official_observed,official_full_year_budget_execution,e_liquid_only,excise_receipts_not_retail_market_value,false,false,PLN,PLN,229900000,,,,,,,,PL-SEJM-I18182-O1,,E-liquid excise receipts,Sähkösavukenesteen valmisteverotulot,"Official 12-month state-budget excise receipts. This is a fiscal anchor, not sales revenue, consumer RSP or retail market value.","Viralliset 12 kuukauden valtion talousarvion valmisteverotulot. Kyse on fiskaaliankkurista, ei myyntitulosta, kuluttajahintaisesta RSP:stä tai vähittäismarkkina-arvosta."
observation,PL-2023-E-LIQUID-EXCISE-RECEIPTS,PL,Poland,2023,e_liquid_excise_receipts,official_observed,official_full_year_budget_execution,e_liquid_only,excise_receipts_not_retail_market_value,false,false,PLN,PLN,443600000,,,,,,,,PL-SEJM-I18182-O1,,E-liquid excise receipts,Sähkösavukenesteen valmisteverotulot,"Official 12-month state-budget excise receipts. This is a fiscal anchor, not sales revenue, consumer RSP or retail market value.","Viralliset 12 kuukauden valtion talousarvion valmisteverotulot. Kyse on fiskaaliankkurista, ei myyntitulosta, kuluttajahintaisesta RSP:stä tai vähittäismarkkina-arvosta."
observation,PL-2024-E-LIQUID-EXCISE-RECEIPTS,PL,Poland,2024,e_liquid_excise_receipts,official_observed,official_full_year_budget_execution,e_liquid_only,excise_receipts_not_retail_market_value,false,false,PLN,PLN,561400000,,,,,,,,PL-SEJM-I18182-O1,,E-liquid excise receipts,Sähkösavukenesteen valmisteverotulot,"Official 12-month state-budget excise receipts. This is a fiscal anchor, not sales revenue, consumer RSP or retail market value.","Viralliset 12 kuukauden valtion talousarvion valmisteverotulot. Kyse on fiskaaliankkurista, ei myyntitulosta, kuluttajahintaisesta RSP:stä tai vähittäismarkkina-arvosta."
observation,PL-2023-E-LIQUID-EARLIER-REPORTED-VOLUME-L,PL,Poland,2023,reported_e_liquid_volume_revision_control,official_provisional,earlier_official_response_revisable,e_liquid_only,earlier_tax_and_customs_system_volume_conflicts_with_later_official_response_not_retail_value,false,false,,litre,883641.3342,,,,,,,,PL-SEJM-I02408-O1|PL-SEJM-I07255-O1,,Earlier official 2023 e-liquid volume - revision control,Aiempi virallinen vuoden 2023 e-nestemäärä - revisiokontrolli,"The April 2024 response reports 883,641,334.20 ml from domestic sales, intra-EU acquisitions and imports in tax/customs systems and says taxpayer-declared quantities may be corrected. A January 2025 response reports 805,441 litres for 2023. The 78,200,334.20 ml difference is 9.71% of the later figure; neither value is silently replaced or interpreted as retail growth until the authority explains the revision or scope.","Huhtikuun 2024 vastaus raportoi vero- ja tullijärjestelmien kotimaan myynnistä, EU-sisäisistä hankinnoista ja tuonnista 883 641 334,20 ml sekä kertoo verovelvollisten ilmoittamien määrien voivan korjaantua. Tammikuun 2025 vastaus raportoi vuodelle 2023 805 441 litraa. Ero 78 200 334,20 ml on 9,71 % myöhemmästä luvusta; kumpaakaan ei korvata hiljaa tai tulkita vähittäiskasvuksi ennen viranomaisen revisio- tai rajausvastausta."
observation,PL-2019-DISPOSABLE-E-CIGARETTE-IMPORT-NET-MASS-KG,PL,Poland,2019,disposable_e_cigarette_customs_import_net_mass,official_observed,official_description_filtered_customs_extract,disposable_e_cigarettes_description_filtered_across_selected_cn_codes,customs_release_for_free_circulation_net_mass_not_units_sales_or_retail_value,false,false,,kg,2612,,,,,,,,PL-SEJM-I01344-O1,,Disposable e-cigarette import net mass,Kertakäyttöisten sähkötupakoiden tuonnin nettopaino,"Official AIS/e-Commerce customs extract for release into free circulation, selected by goods description because the CN codes include other products. Net mass cannot be converted to devices, sales or retail value without a documented product-weight and supply-stage bridge.","Virallinen AIS/e-Commerce-tulliote vapaaseen liikkeeseen luovutuksesta, rajattuna tavarakuvaustekstillä, koska CN-koodit sisältävät muitakin tuotteita. Nettopainoa ei saa muuntaa laitteiksi, myynniksi tai vähittäisarvoksi ilman dokumentoitua tuotepaino- ja toimitusvaihesiltaa."
observation,PL-2020-DISPOSABLE-E-CIGARETTE-IMPORT-NET-MASS-KG,PL,Poland,2020,disposable_e_cigarette_customs_import_net_mass,official_observed,official_description_filtered_customs_extract,disposable_e_cigarettes_description_filtered_across_selected_cn_codes,customs_release_for_free_circulation_net_mass_not_units_sales_or_retail_value,false,false,,kg,1360,,,,,,,,PL-SEJM-I01344-O1,,Disposable e-cigarette import net mass,Kertakäyttöisten sähkötupakoiden tuonnin nettopaino,"Official description-filtered customs net mass. It is a border-stage proxy, not device units, sell-through or retail value.","Virallinen tavarakuvaustekstillä rajattu tullin nettopaino. Se on rajavaiheen proxy, ei laitekappalemäärä, kuluttajamyynti tai vähittäisarvo."
observation,PL-2021-DISPOSABLE-E-CIGARETTE-IMPORT-NET-MASS-KG,PL,Poland,2021,disposable_e_cigarette_customs_import_net_mass,official_observed,official_description_filtered_customs_extract,disposable_e_cigarettes_description_filtered_across_selected_cn_codes,customs_release_for_free_circulation_net_mass_not_units_sales_or_retail_value,false,false,,kg,1457,,,,,,,,PL-SEJM-I01344-O1,,Disposable e-cigarette import net mass,Kertakäyttöisten sähkötupakoiden tuonnin nettopaino,"Official description-filtered customs net mass. It is a border-stage proxy, not device units, sell-through or retail value.","Virallinen tavarakuvaustekstillä rajattu tullin nettopaino. Se on rajavaiheen proxy, ei laitekappalemäärä, kuluttajamyynti tai vähittäisarvo."
observation,PL-2022-DISPOSABLE-E-CIGARETTE-IMPORT-NET-MASS-KG,PL,Poland,2022,disposable_e_cigarette_customs_import_net_mass,official_observed,official_description_filtered_customs_extract,disposable_e_cigarettes_description_filtered_across_selected_cn_codes,customs_release_for_free_circulation_net_mass_not_units_sales_or_retail_value,false,false,,kg,199946,,,,,,,,PL-SEJM-I01344-O1,,Disposable e-cigarette import net mass,Kertakäyttöisten sähkötupakoiden tuonnin nettopaino,"Official description-filtered customs net mass. It is a border-stage proxy and is not reconciled to the separately reported 2022 sales-unit count; product weights, domestic flows and stock timing are unknown.","Virallinen tavarakuvaustekstillä rajattu tullin nettopaino. Se on rajavaiheen proxy eikä sitä ole täsmäytetty erikseen ilmoitettuun vuoden 2022 myytyjen kappaleiden määrään; tuotepainot, kotimaan virrat ja varastojen ajoitus puuttuvat."
observation,PL-2023-DISPOSABLE-E-CIGARETTE-IMPORT-NET-MASS-KG,PL,Poland,2023,disposable_e_cigarette_customs_import_net_mass,official_observed,official_description_filtered_customs_extract,disposable_e_cigarettes_description_filtered_across_selected_cn_codes,customs_release_for_free_circulation_net_mass_not_units_sales_or_retail_value,false,false,,kg,1075597,,,,,,,,PL-SEJM-I01344-O1,,Disposable e-cigarette import net mass,Kertakäyttöisten sähkötupakoiden tuonnin nettopaino,"Official description-filtered customs net mass. It is a border-stage proxy, not device units, sell-through or retail value; the 2023 producer/importer sales-unit report was not yet established in the cited Ministry response.","Virallinen tavarakuvaustekstillä rajattu tullin nettopaino. Se on rajavaiheen proxy, ei laitekappalemäärä, kuluttajamyynti tai vähittäisarvo; lähteenä olevassa ministeriövastauksessa vuoden 2023 valmistaja- ja maahantuojaraporttien kappalemäärää ei ollut vielä vahvistettu."
observation,PL-2015-UOKIK-E-CIGARETTE-MARKET-VALUE-ESTIMATE,PL,Poland,2015,institutional_market_value_benchmark,institutional_supported,external_estimate_cited_in_official_competition_decision,disposable_and_refillable_e_cigarettes_nicotine_liquids_and_accessories,case_2015_estimate_republished_by_uokik_exact_annual_and_tax_basis_unstated_not_donor,false,false,PLN,PLN,500000000,,,,,,,,PL-UOKIK-DKK-211-2015,,UOKiK-published historical e-cigarette market estimate,UOKiK:n julkaisema historiallinen sähkötupakkamarkkina-arvio,"UOKiK decision DKK-211/2015, PDF page 6, cites a May 2015 CASE study for an approximately PLN 500 million market including disposable and refillable e-cigarettes, nicotine liquids and accessories. It is an external estimate republished in an official decision; exact annualisation, transaction stage, tax basis, channel coverage and method are not disclosed. The year is only the study/decision reference year. No EUR equivalent is computed because a full-calendar-year period is not established.","UOKiK:n päätös DKK-211/2015, PDF-sivu 6, viittaa toukokuun 2015 CASE-tutkimukseen ja noin 500 miljoonan PLN:n markkinaan, joka sisältää kertakäyttöiset ja uudelleentäytettävät sähkötupakat, nikotiininesteet ja tarvikkeet. Kyse on viranomaispäätöksessä uudelleen julkaistusta ulkoisesta arviosta; tarkkaa vuositasoa, tapahtumavaihetta, veroperustaa, kanavapeittoa ja menetelmää ei julkaista. Vuosi on vain tutkimuksen ja päätöksen viitevuosi. EUR-vasta-arvoa ei lasketa, koska koko kalenterivuoden periodia ei ole vahvistettu."
observation,PL-2015-UOKIK-E-CIGARETTE-SME-COUNT-ESTIMATE,PL,Poland,2015,market_enterprise_count_estimate,institutional_supported,external_estimate_cited_in_official_competition_decision,small_and_medium_enterprises_in_e_cigarette_market,historical_market_structure_estimate_not_sales_or_market_value,false,false,,enterprise,2000,,,,,,,,PL-UOKIK-DKK-211-2015,,Historical estimated number of e-cigarette-market SMEs,Historiallinen arvio sähkötupakkamarkkinan pk-yrityksistä,"UOKiK decision page 6 says the market comprised approximately 2,000 small and medium enterprises. This is a 2015 historical structure estimate, not a current register count, retailer count, sales value or channel denominator.","UOKiK:n päätöksen sivu 6 kertoo markkinan muodostuneen noin 2 000 pienestä ja keskisuuresta yrityksestä. Kyse on vuoden 2015 historiallisesta rakennearviosta, ei nykyisestä rekisteri- tai kauppiasmäärästä, myyntiarvosta tai kanavanimittäjästä."
observation,PL-2015-UOKIK-CHINA-ORIGIN-SHARE-ESTIMATE,PL,Poland,2015,sold_product_origin_share_estimate,institutional_supported,trade_association_estimate_cited_in_official_competition_decision,e_cigarettes_sold_in_poland_originating_from_china,historical_origin_share_estimate_not_customs_or_sales_value,false,false,,%,90,,,,,,,,PL-UOKIK-DKK-211-2015,,Historical estimated China-origin share of e-cigarettes sold,Historiallinen arvio Kiinasta peräisin olevien myytyjen sähkötupakoiden osuudesta,"UOKiK decision page 7 attributes the approximately 90% origin share to the STEP association. It is a historical third-party estimate quoted by the authority, not an observed customs share, unit count or market value.","UOKiK:n päätöksen sivu 7 liittää noin 90 prosentin alkuperäosuuden STEP-yhdistyksen arvioon. Kyse on viranomaisen lainaamasta historiallisesta kolmannen osapuolen arviosta, ei havaitusta tulliosuudesta, kappalemäärästä tai markkina-arvosta."
observation,PL-2014-UOKIK-INTERNET-SALES-CHANNEL-SHARE-ESTIMATE,PL,Poland,2014,sales_channel_share_estimate,institutional_supported,ecigintelligence_estimate_cited_in_official_competition_decision,e_cigarette_sales_via_internet,historical_channel_share_estimate_not_current_sales_value,false,false,,%,30,,,,,,,,PL-UOKIK-DKK-211-2015,,Historical internet sales-channel share estimate,Historiallinen internet-myyntikanavan osuusarvio,"UOKiK decision page 8 reports approximately 30% Internet sales and footnote 7 attributes the channel split to an August 2014 ECigIntelligence market analysis. This is a historical third-party estimate republished by an authority, not a current observed channel share or market value.","UOKiK:n päätöksen sivu 8 raportoi internetmyynniksi noin 30 prosenttia, ja alaviite 7 liittää kanavajaon elokuun 2014 ECigIntelligence-markkina-analyysiin. Kyse on viranomaisen uudelleen julkaisemasta historiallisesta kolmannen osapuolen arviosta, ei nykyisestä havaitusta kanavaosuudesta tai markkina-arvosta."
observation,PL-2014-UOKIK-SPECIALIST-SHOP-SALES-CHANNEL-SHARE-ESTIMATE,PL,Poland,2014,sales_channel_share_estimate,institutional_supported,ecigintelligence_estimate_cited_in_official_competition_decision,e_cigarette_sales_via_specialist_shops_and_stands,historical_channel_share_estimate_not_current_sales_value,false,false,,%,40,,,,,,,,PL-UOKIK-DKK-211-2015,,Historical specialist-shop sales-channel share estimate,Historiallinen erikoisliikkeiden myyntikanavaosuusarvio,UOKiK decision page 8 reports approximately 40% through specialist shops or stands and attributes the split to an August 2014 ECigIntelligence analysis. It is not a current observed channel share or market value.,UOKiK:n päätöksen sivu 8 raportoi noin 40 prosenttia erikoisliikkeiden tai -kojujen kautta ja liittää jaon elokuun 2014 ECigIntelligence-analyysiin. Kyse ei ole nykyisestä havaitusta kanavaosuudesta tai markkina-arvosta.
observation,PL-2014-UOKIK-GENERAL-RETAIL-SALES-CHANNEL-SHARE-ESTIMATE,PL,Poland,2014,sales_channel_share_estimate,institutional_supported,ecigintelligence_estimate_cited_in_official_competition_decision,e_cigarette_sales_via_grocery_kiosk_and_petrol_station_channels,historical_channel_share_estimate_not_current_sales_value,false,false,,%,30,,,,,,,,PL-UOKIK-DKK-211-2015,,"Historical grocery, kiosk and petrol-station sales-channel share estimate","Historiallinen päivittäistavarakaupan, kioskien ja huoltoasemien kanavaosuusarvio","UOKiK decision page 8 reports approximately 30% through grocery stores, kiosks and petrol stations and attributes the split to an August 2014 ECigIntelligence analysis. It is not a current observed channel share or market value.","UOKiK:n päätöksen sivu 8 raportoi noin 30 prosenttia päivittäistavarakauppojen, kioskien ja huoltoasemien kautta ja liittää jaon elokuun 2014 ECigIntelligence-analyysiin. Kyse ei ole nykyisestä havaitusta kanavaosuudesta tai markkina-arvosta."
observation,PL-2020-E-LIQUID-REPORTED-VOLUME-L,PL,Poland,2020,reported_e_liquid_volume,official_observed,official_response,e_liquid_only,official_reported_domestic_sales_intra_eu_acquisition_and_import_volume_not_retail_market_value,false,false,,litre,1451529,,,,,,,,PL-SEJM-I07255-O1,,Officially reported e-liquid domestic-flow volume,Virallisesti ilmoitettu sähkösavukenesteen kotimainen virta,"The Ministry table combines domestic sales, intra-EU acquisitions and imports recorded in ZEFIR2/AIS. It is a physical e-liquid quantity, excludes device value and is not observed consumer-retail market value.","Ministeriön taulukko yhdistää ZEFIR2/AIS-järjestelmiin kirjatut kotimaan myynnit, EU-sisäiset hankinnat ja tuonnin. Se on sähkösavukenesteen fyysinen määrä, ei sisällä laitearvoa eikä ole havaittu kuluttajavähittäismarkkina-arvo."
observation,PL-2021-E-LIQUID-REPORTED-VOLUME-L,PL,Poland,2021,reported_e_liquid_volume,official_observed,official_response,e_liquid_only,official_reported_domestic_sales_intra_eu_acquisition_and_import_volume_not_retail_market_value,false,false,,litre,277265,,,,,,,,PL-SEJM-I07255-O1,,Officially reported e-liquid domestic-flow volume,Virallisesti ilmoitettu sähkösavukenesteen kotimainen virta,"The Ministry table combines domestic sales, intra-EU acquisitions and imports recorded in ZEFIR2/AIS. It is a physical e-liquid quantity, excludes device value and is not observed consumer-retail market value.","Ministeriön taulukko yhdistää ZEFIR2/AIS-järjestelmiin kirjatut kotimaan myynnit, EU-sisäiset hankinnat ja tuonnin. Se on sähkösavukenesteen fyysinen määrä, ei sisällä laitearvoa eikä ole havaittu kuluttajavähittäismarkkina-arvo."
observation,PL-2022-E-LIQUID-REPORTED-VOLUME-L,PL,Poland,2022,reported_e_liquid_volume,official_observed,official_response,e_liquid_only,official_reported_domestic_sales_intra_eu_acquisition_and_import_volume_not_retail_market_value,false,false,,litre,416088,,,,,,,,PL-SEJM-I07255-O1,,Officially reported e-liquid domestic-flow volume,Virallisesti ilmoitettu sähkösavukenesteen kotimainen virta,"The Ministry table combines domestic sales, intra-EU acquisitions and imports recorded in ZEFIR2/AIS. It is a physical e-liquid quantity, excludes device value and is not observed consumer-retail market value.","Ministeriön taulukko yhdistää ZEFIR2/AIS-järjestelmiin kirjatut kotimaan myynnit, EU-sisäiset hankinnat ja tuonnin. Se on sähkösavukenesteen fyysinen määrä, ei sisällä laitearvoa eikä ole havaittu kuluttajavähittäismarkkina-arvo."
observation,PL-2023-E-LIQUID-REPORTED-VOLUME-L,PL,Poland,2023,reported_e_liquid_volume,official_observed,official_response,e_liquid_only,official_reported_domestic_sales_intra_eu_acquisition_and_import_volume_not_retail_market_value,false,false,,litre,805441,,,,,,,,PL-SEJM-I07255-O1,,Officially reported e-liquid domestic-flow volume,Virallisesti ilmoitettu sähkösavukenesteen kotimainen virta,"The Ministry table combines domestic sales, intra-EU acquisitions and imports recorded in ZEFIR2/AIS. It is a physical e-liquid quantity, excludes device value and is not observed consumer-retail market value.","Ministeriön taulukko yhdistää ZEFIR2/AIS-järjestelmiin kirjatut kotimaan myynnit, EU-sisäiset hankinnat ja tuonnin. Se on sähkösavukenesteen fyysinen määrä, ei sisällä laitearvoa eikä ole havaittu kuluttajavähittäismarkkina-arvo."
observation,PL-2025-E-LIQUID-EXCISE-AMOUNT,PL,Poland,2025,e_liquid_excise_receipts,official_observed,official_full_year_budget_execution,e_liquid_only,excise_receipts_not_retail_market_value,false,false,PLN,PLN,993100000,,,,,,,,PL-SEJM-I17526-O1|PL-SEJM-I18182-O1,,Officially reported e-liquid excise receipts,Virallisesti ilmoitetut sähkösavukenesteen valmisteverotulot,Actual 12-month state-budget excise receipts reported consistently in two official parliamentary responses. This is not sales revenue or retail market value and remains separate from device and component-set tax receipts.,"Kahdessa virallisessa parlamenttivastauksessa yhdenmukaisesti ilmoitetut toteutuneet 12 kuukauden valtion talousarvion valmisteverotulot. Kyse ei ole myyntitulosta eikä vähittäismarkkina-arvosta, ja luku pidetään erillään laitteiden ja osasarjojen verotuloista."
observation,PL-2025-VAPING-DEVICE-EXCISE-AMOUNT,PL,Poland,2025,vaporisation_device_broad_group_excise_amount,official_observed,official_response,broad_vaporisation_devices_including_refillable_e_cigarettes_heaters_and_multifunction_devices,official_tax_amount_not_retail_market_value,false,false,PLN,PLN,175300000,,,,,,,,PL-SEJM-I17526-O1,,Officially reported broad vaporisation-device excise amount,Virallisesti ilmoitettu laajan höyrystyslaiteryhmän valmisteveromäärä,"Tax amount reported in an official parliamentary response. The statutory group includes refillable e-cigarettes, heated-tobacco heaters and multifunction devices; it is not e-cigarette-only. The amount is not device sales revenue or retail market value and remains separate from e-liquid and component-set tax amounts.","Virallisessa parlamenttivastauksessa ilmoitettu veromäärä. Lakisääteinen ryhmä sisältää uudelleentäytettävät sähkötupakat, kuumennettavan tupakan lämmittimet ja monitoimilaitteet, joten se ei ole vain sähkötupakkaluokka. Määrä ei ole laitemyyntiä eikä vähittäismarkkina-arvoa, ja se pidetään erillään nesteiden ja osasarjojen veromääristä."
observation,PL-2025-VAPING-COMPONENT-SETS-EXCISE-AMOUNT,PL,Poland,2025,vaporisation_device_component_sets_broad_group_excise_amount,official_observed,official_response,component_sets_for_broad_vaporisation_device_group,official_tax_amount_not_retail_market_value,false,false,PLN,PLN,2500000,,,,,,,,PL-SEJM-I17526-O1,,Officially reported broad vaporisation-device component-set excise amount,Virallisesti ilmoitettu laajan höyrystyslaiteryhmän osasarjavero,"Tax amount reported in an official parliamentary response. It covers component sets for the broad statutory vaporisation-device group, not an e-cigarette-only subset. It is not component-set sales revenue or retail market value and remains separate from e-liquid and device tax amounts.","Virallisessa parlamenttivastauksessa ilmoitettu veromäärä. Se kattaa laajan lakisääteisen höyrystyslaiteryhmän osasarjat eikä vain sähkötupakkakohtaista alaryhmää. Määrä ei ole osasarjojen myyntiä eikä vähittäismarkkina-arvoa, ja se pidetään erillään nesteiden ja laitteiden veromääristä."
observation,PL-2025-VAPING-DEVICE-EXCISE-BACKSOLVED-UNITS,PL,Poland,2025,vaporisation_device_broad_group_excise_backsolved_units,official_table_derived,tax_receipts_divided_by_statutory_rate,broad_vaporisation_devices_including_refillable_e_cigarettes_heaters_and_multifunction_devices,derived_taxed_units_not_sales_or_retail_market_value,false,false,,unit,4382500,,,,,,,,PL-SEJM-I17526-O1|PL-MF-EXCISE-RATES-2025,,Broad vaporisation-device units implied by realised excise,Toteutuneesta verosta johdetut laajan höyrystyslaiteryhmän yksiköt,"PLN 175.3 million of 2025 realised excise divided by the statutory PLN 40 rate gives 4,382,500 implied taxed units in the broad group of refillable e-cigarettes, heated-tobacco heaters and multifunction devices. It is not an e-cigarette-only count. The tax applied from 1 July 2025, so this is a second-half tax-base bridge, not full-year sell-through, sales revenue or retail market value; product-type mix, cash timing, refunds and stock movements are not reconciled.","Vuoden 2025 toteutunut 175,3 miljoonan PLN:n vero jaettuna lakisääteisellä 40 PLN:n verolla antaa 4 382 500 johdettua verollista yksikköä laajaan ryhmään, joka sisältää uudelleentäytettävät sähkötupakat, kuumennettavan tupakan lämmittimet ja monitoimilaitteet. Luku ei ole sähkötupakkakohtainen. Vero tuli sovellettavaksi 1.7.2025, joten kyse on loppuvuoden veropohjasillasta eikä koko vuoden kuluttajamyynnistä, myyntitulosta tai vähittäismarkkina-arvosta; tuotetyyppijakoa, maksujen ajoitusta, palautuksia ja varastoliikkeitä ei ole täsmäytetty."
observation,PL-2025-VAPING-COMPONENT-SETS-EXCISE-BACKSOLVED-UNITS,PL,Poland,2025,vaporisation_device_component_sets_broad_group_excise_backsolved_units,official_table_derived,tax_receipts_divided_by_statutory_rate,component_sets_for_broad_vaporisation_device_group,derived_taxed_units_not_sales_or_retail_market_value,false,false,,unit,62500,,,,,,,,PL-SEJM-I17526-O1|PL-MF-EXCISE-RATES-2025,,Broad vaporisation-device component-set units implied by realised excise,Toteutuneesta verosta johdetut laajan höyrystyslaiteryhmän osasarjat,"PLN 2.5 million of 2025 realised component-set excise divided by the statutory PLN 40 per-set rate gives 62,500 implied taxed sets for the broad vaporisation-device group. It is not an e-cigarette-only count. The tax applied from 1 July 2025, so this is a second-half tax-base bridge, not full-year sell-through, sales revenue or retail market value; product-type mix, cash timing, refunds and stock movements are not reconciled.","Vuoden 2025 toteutunut 2,5 miljoonan PLN:n osasarjavero jaettuna lakisääteisellä 40 PLN:n sarjaverolla antaa 62 500 johdettua verollista sarjaa laajalle höyrystyslaiteryhmälle. Luku ei ole sähkötupakkakohtainen. Vero tuli sovellettavaksi 1.7.2025, joten kyse on loppuvuoden veropohjasillasta eikä koko vuoden kuluttajamyynnistä, myyntitulosta tai vähittäismarkkina-arvosta; tuotetyyppijakoa, maksujen ajoitusta, palautuksia ja varastoliikkeitä ei ole täsmäytetty."
observation,SE-2024-NICOTINE-E-LIQUID-TAXED-VOLUME-L,SE,Sweden,2024,nicotine_e_liquid_taxed_volume,official_observed,official_rounded,nicotine_containing_e_liquid_only,taxed_physical_volume_not_retail_market_value,false,false,,litre,26000,,,,,,,,SE-GOV-BERAKNINGSKONVENTIONER-2026,,Taxed nicotine-containing e-liquid volume,Verotetun nikotiinillisen sähkösavukenesteen määrä,"Rounded official amount in Table 7.5. It covers nicotine-containing e-liquid, excludes devices and nicotine-free liquid, and is not retail market value.","Taulukon 7.5 pyöristetty virallinen määrä. Se kattaa nikotiinillisen sähkösavukenesteen, ei sisällä laitteita tai nikotiinitonta nestettä eikä ole vähittäismarkkina-arvo."
observation,SE-2024-NICOTINE-E-LIQUID-EXCISE-RECEIPTS,SE,Sweden,2024,nicotine_e_liquid_excise_receipts,official_observed,official_rounded,nicotine_containing_e_liquid_only,excise_receipts_not_retail_market_value,false,false,SEK,SEK,80000000,,,,,,,,SE-GOV-BERAKNINGSKONVENTIONER-2026,,Excise receipts from nicotine-containing e-liquid,Nikotiinillisen sähkösavukenesteen valmisteverotulot,"Rounded official amount in Table 7.5. It covers nicotine-containing e-liquid tax, excludes device sales and nicotine-free liquid, and is not sales revenue or retail market value.","Taulukon 7.5 pyöristetty virallinen määrä. Se kattaa nikotiinillisen sähkösavukenesteen veron, ei sisällä laitemyyntiä tai nikotiinitonta nestettä eikä ole myyntituloa tai vähittäismarkkina-arvoa."
observation,SE-2018-FHM-REPORTING-ENTITIES,SE,Sweden,2018,reporting_entities_count,official_observed,official_response_year_label,notified_e_cigarettes_and_refill_containers,official_registration_structure_count_not_sales_or_market_value,false,false,,reporting_entity,226,,,,,,,,SE-FHM-PUBLIC-RECORD-RESPONSE-2026-07-24,,Reporting entities in FHM registration structure,Raportoivat toimijat FHM:n rekisterirakenteessa,"Official aggregate registration-structure count supplied by the Public Health Agency of Sweden. The year is an authority-supplied label, not an assumed calendar-year flow or year-end snapshot. It is not annual sales value, sold device units, sold liquid volume, market share or donor evidence. The historical aggregate was supplied in the authority response and is not reproduced by the current public product list.","Ruotsin kansanterveysviranomaisen toimittama virallinen aggregoitu rekisterirakenneluku. Vuosi on viranomaisen toimittama vuosilabeli, ei oletettu kalenterivuoden virta tai vuoden lopun tilannekuva. Se ei ole vuosimyynnin arvo, myytyjen laitteiden kappalemäärä, myyty nestemäärä, markkinaosuus eikä luovuttajaevidenssiä. Historiallinen aggregaatti toimitettiin viranomaisvastauksessa eikä ole toistettavissa nykyisestä julkisesta tuoteluettelosta."
observation,SE-2018-FHM-NOTIFIED-PRODUCTS,SE,Sweden,2018,notified_products_count,official_observed,official_response_year_label,notified_e_cigarettes_and_refill_containers,official_registration_structure_count_not_sales_or_market_value,false,false,,product,18356,,,,,,,,SE-FHM-PUBLIC-RECORD-RESPONSE-2026-07-24,,Notified products in FHM registration structure,Ilmoitetut tuotteet FHM:n rekisterirakenteessa,"Official aggregate registration-structure count supplied by the Public Health Agency of Sweden. The year is an authority-supplied label, not an assumed calendar-year flow or year-end snapshot. It is not annual sales value, sold device units, sold liquid volume, market share or donor evidence. The historical aggregate was supplied in the authority response and is not reproduced by the current public product list.","Ruotsin kansanterveysviranomaisen toimittama virallinen aggregoitu rekisterirakenneluku. Vuosi on viranomaisen toimittama vuosilabeli, ei oletettu kalenterivuoden virta tai vuoden lopun tilannekuva. Se ei ole vuosimyynnin arvo, myytyjen laitteiden kappalemäärä, myyty nestemäärä, markkinaosuus eikä luovuttajaevidenssiä. Historiallinen aggregaatti toimitettiin viranomaisvastauksessa eikä ole toistettavissa nykyisestä julkisesta tuoteluettelosta."
observation,SE-2018-FHM-ACTIVE-PRODUCTS,SE,Sweden,2018,active_products_count,official_observed,official_response_year_label,notified_e_cigarettes_and_refill_containers,official_registration_structure_count_not_sales_or_market_value,false,false,,product,16264,,,,,,,,SE-FHM-PUBLIC-RECORD-RESPONSE-2026-07-24,,Active products in FHM registration structure,Aktiiviset tuotteet FHM:n rekisterirakenteessa,"Official aggregate registration-structure count supplied by the Public Health Agency of Sweden. The year is an authority-supplied label, not an assumed calendar-year flow or year-end snapshot. It is not annual sales value, sold device units, sold liquid volume, market share or donor evidence. The historical aggregate was supplied in the authority response and is not reproduced by the current public product list.","Ruotsin kansanterveysviranomaisen toimittama virallinen aggregoitu rekisterirakenneluku. Vuosi on viranomaisen toimittama vuosilabeli, ei oletettu kalenterivuoden virta tai vuoden lopun tilannekuva. Se ei ole vuosimyynnin arvo, myytyjen laitteiden kappalemäärä, myyty nestemäärä, markkinaosuus eikä luovuttajaevidenssiä. Historiallinen aggregaatti toimitettiin viranomaisvastauksessa eikä ole toistettavissa nykyisestä julkisesta tuoteluettelosta."
observation,SE-2018-FHM-WITHDRAWN-PRODUCTS,SE,Sweden,2018,withdrawn_products_count,official_observed,official_response_year_label,notified_e_cigarettes_and_refill_containers,official_registration_structure_count_not_sales_or_market_value,false,false,,product,2092,,,,,,,,SE-FHM-PUBLIC-RECORD-RESPONSE-2026-07-24,,Withdrawn products in FHM registration structure,Poistetut tuotteet FHM:n rekisterirakenteessa,"Official aggregate registration-structure count supplied by the Public Health Agency of Sweden. The year is an authority-supplied label, not an assumed calendar-year flow or year-end snapshot. It is not annual sales value, sold device units, sold liquid volume, market share or donor evidence. The historical aggregate was supplied in the authority response and is not reproduced by the current public product list.","Ruotsin kansanterveysviranomaisen toimittama virallinen aggregoitu rekisterirakenneluku. Vuosi on viranomaisen toimittama vuosilabeli, ei oletettu kalenterivuoden virta tai vuoden lopun tilannekuva. Se ei ole vuosimyynnin arvo, myytyjen laitteiden kappalemäärä, myyty nestemäärä, markkinaosuus eikä luovuttajaevidenssiä. Historiallinen aggregaatti toimitettiin viranomaisvastauksessa eikä ole toistettavissa nykyisestä julkisesta tuoteluettelosta."
observation,SE-2019-FHM-REPORTING-ENTITIES,SE,Sweden,2019,reporting_entities_count,official_observed,official_response_year_label,notified_e_cigarettes_and_refill_containers,official_registration_structure_count_not_sales_or_market_value,false,false,,reporting_entity,310,,,,,,,,SE-FHM-PUBLIC-RECORD-RESPONSE-2026-07-24,,Reporting entities in FHM registration structure,Raportoivat toimijat FHM:n rekisterirakenteessa,"Official aggregate registration-structure count supplied by the Public Health Agency of Sweden. The year is an authority-supplied label, not an assumed calendar-year flow or year-end snapshot. It is not annual sales value, sold device units, sold liquid volume, market share or donor evidence. The historical aggregate was supplied in the authority response and is not reproduced by the current public product list.","Ruotsin kansanterveysviranomaisen toimittama virallinen aggregoitu rekisterirakenneluku. Vuosi on viranomaisen toimittama vuosilabeli, ei oletettu kalenterivuoden virta tai vuoden lopun tilannekuva. Se ei ole vuosimyynnin arvo, myytyjen laitteiden kappalemäärä, myyty nestemäärä, markkinaosuus eikä luovuttajaevidenssiä. Historiallinen aggregaatti toimitettiin viranomaisvastauksessa eikä ole toistettavissa nykyisestä julkisesta tuoteluettelosta."
observation,SE-2019-FHM-NOTIFIED-PRODUCTS,SE,Sweden,2019,notified_products_count,official_observed,official_response_year_label,notified_e_cigarettes_and_refill_containers,official_registration_structure_count_not_sales_or_market_value,false,false,,product,24525,,,,,,,,SE-FHM-PUBLIC-RECORD-RESPONSE-2026-07-24,,Notified products in FHM registration structure,Ilmoitetut tuotteet FHM:n rekisterirakenteessa,"Official aggregate registration-structure count supplied by the Public Health Agency of Sweden. The year is an authority-supplied label, not an assumed calendar-year flow or year-end snapshot. It is not annual sales value, sold device units, sold liquid volume, market share or donor evidence. The historical aggregate was supplied in the authority response and is not reproduced by the current public product list.","Ruotsin kansanterveysviranomaisen toimittama virallinen aggregoitu rekisterirakenneluku. Vuosi on viranomaisen toimittama vuosilabeli, ei oletettu kalenterivuoden virta tai vuoden lopun tilannekuva. Se ei ole vuosimyynnin arvo, myytyjen laitteiden kappalemäärä, myyty nestemäärä, markkinaosuus eikä luovuttajaevidenssiä. Historiallinen aggregaatti toimitettiin viranomaisvastauksessa eikä ole toistettavissa nykyisestä julkisesta tuoteluettelosta."
observation,SE-2019-FHM-ACTIVE-PRODUCTS,SE,Sweden,2019,active_products_count,official_observed,official_response_year_label,notified_e_cigarettes_and_refill_containers,official_registration_structure_count_not_sales_or_market_value,false,false,,product,17704,,,,,,,,SE-FHM-PUBLIC-RECORD-RESPONSE-2026-07-24,,Active products in FHM registration structure,Aktiiviset tuotteet FHM:n rekisterirakenteessa,"Official aggregate registration-structure count supplied by the Public Health Agency of Sweden. The year is an authority-supplied label, not an assumed calendar-year flow or year-end snapshot. It is not annual sales value, sold device units, sold liquid volume, market share or donor evidence. The historical aggregate was supplied in the authority response and is not reproduced by the current public product list.","Ruotsin kansanterveysviranomaisen toimittama virallinen aggregoitu rekisterirakenneluku. Vuosi on viranomaisen toimittama vuosilabeli, ei oletettu kalenterivuoden virta tai vuoden lopun tilannekuva. Se ei ole vuosimyynnin arvo, myytyjen laitteiden kappalemäärä, myyty nestemäärä, markkinaosuus eikä luovuttajaevidenssiä. Historiallinen aggregaatti toimitettiin viranomaisvastauksessa eikä ole toistettavissa nykyisestä julkisesta tuoteluettelosta."
observation,SE-2019-FHM-WITHDRAWN-PRODUCTS,SE,Sweden,2019,withdrawn_products_count,official_observed,official_response_year_label,notified_e_cigarettes_and_refill_containers,official_registration_structure_count_not_sales_or_market_value,false,false,,product,6821,,,,,,,,SE-FHM-PUBLIC-RECORD-RESPONSE-2026-07-24,,Withdrawn products in FHM registration structure,Poistetut tuotteet FHM:n rekisterirakenteessa,"Official aggregate registration-structure count supplied by the Public Health Agency of Sweden. The year is an authority-supplied label, not an assumed calendar-year flow or year-end snapshot. It is not annual sales value, sold device units, sold liquid volume, market share or donor evidence. The historical aggregate was supplied in the authority response and is not reproduced by the current public product list.","Ruotsin kansanterveysviranomaisen toimittama virallinen aggregoitu rekisterirakenneluku. Vuosi on viranomaisen toimittama vuosilabeli, ei oletettu kalenterivuoden virta tai vuoden lopun tilannekuva. Se ei ole vuosimyynnin arvo, myytyjen laitteiden kappalemäärä, myyty nestemäärä, markkinaosuus eikä luovuttajaevidenssiä. Historiallinen aggregaatti toimitettiin viranomaisvastauksessa eikä ole toistettavissa nykyisestä julkisesta tuoteluettelosta."
observation,SE-2020-FHM-REPORTING-ENTITIES,SE,Sweden,2020,reporting_entities_count,official_observed,official_response_year_label,notified_e_cigarettes_and_refill_containers,official_registration_structure_count_not_sales_or_market_value,false,false,,reporting_entity,369,,,,,,,,SE-FHM-PUBLIC-RECORD-RESPONSE-2026-07-24,,Reporting entities in FHM registration structure,Raportoivat toimijat FHM:n rekisterirakenteessa,"Official aggregate registration-structure count supplied by the Public Health Agency of Sweden. The year is an authority-supplied label, not an assumed calendar-year flow or year-end snapshot. It is not annual sales value, sold device units, sold liquid volume, market share or donor evidence. The historical aggregate was supplied in the authority response and is not reproduced by the current public product list.","Ruotsin kansanterveysviranomaisen toimittama virallinen aggregoitu rekisterirakenneluku. Vuosi on viranomaisen toimittama vuosilabeli, ei oletettu kalenterivuoden virta tai vuoden lopun tilannekuva. Se ei ole vuosimyynnin arvo, myytyjen laitteiden kappalemäärä, myyty nestemäärä, markkinaosuus eikä luovuttajaevidenssiä. Historiallinen aggregaatti toimitettiin viranomaisvastauksessa eikä ole toistettavissa nykyisestä julkisesta tuoteluettelosta."
observation,SE-2020-FHM-NOTIFIED-PRODUCTS,SE,Sweden,2020,notified_products_count,official_observed,official_response_year_label,notified_e_cigarettes_and_refill_containers,official_registration_structure_count_not_sales_or_market_value,false,false,,product,29125,,,,,,,,SE-FHM-PUBLIC-RECORD-RESPONSE-2026-07-24,,Notified products in FHM registration structure,Ilmoitetut tuotteet FHM:n rekisterirakenteessa,"Official aggregate registration-structure count supplied by the Public Health Agency of Sweden. The year is an authority-supplied label, not an assumed calendar-year flow or year-end snapshot. It is not annual sales value, sold device units, sold liquid volume, market share or donor evidence. The historical aggregate was supplied in the authority response and is not reproduced by the current public product list.","Ruotsin kansanterveysviranomaisen toimittama virallinen aggregoitu rekisterirakenneluku. Vuosi on viranomaisen toimittama vuosilabeli, ei oletettu kalenterivuoden virta tai vuoden lopun tilannekuva. Se ei ole vuosimyynnin arvo, myytyjen laitteiden kappalemäärä, myyty nestemäärä, markkinaosuus eikä luovuttajaevidenssiä. Historiallinen aggregaatti toimitettiin viranomaisvastauksessa eikä ole toistettavissa nykyisestä julkisesta tuoteluettelosta."
observation,SE-2020-FHM-ACTIVE-PRODUCTS,SE,Sweden,2020,active_products_count,official_observed,official_response_year_label,notified_e_cigarettes_and_refill_containers,official_registration_structure_count_not_sales_or_market_value,false,false,,product,18745,,,,,,,,SE-FHM-PUBLIC-RECORD-RESPONSE-2026-07-24,,Active products in FHM registration structure,Aktiiviset tuotteet FHM:n rekisterirakenteessa,"Official aggregate registration-structure count supplied by the Public Health Agency of Sweden. The year is an authority-supplied label, not an assumed calendar-year flow or year-end snapshot. It is not annual sales value, sold device units, sold liquid volume, market share or donor evidence. The historical aggregate was supplied in the authority response and is not reproduced by the current public product list.","Ruotsin kansanterveysviranomaisen toimittama virallinen aggregoitu rekisterirakenneluku. Vuosi on viranomaisen toimittama vuosilabeli, ei oletettu kalenterivuoden virta tai vuoden lopun tilannekuva. Se ei ole vuosimyynnin arvo, myytyjen laitteiden kappalemäärä, myyty nestemäärä, markkinaosuus eikä luovuttajaevidenssiä. Historiallinen aggregaatti toimitettiin viranomaisvastauksessa eikä ole toistettavissa nykyisestä julkisesta tuoteluettelosta."
observation,SE-2020-FHM-WITHDRAWN-PRODUCTS,SE,Sweden,2020,withdrawn_products_count,official_observed,official_response_year_label,notified_e_cigarettes_and_refill_containers,official_registration_structure_count_not_sales_or_market_value,false,false,,product,10380,,,,,,,,SE-FHM-PUBLIC-RECORD-RESPONSE-2026-07-24,,Withdrawn products in FHM registration structure,Poistetut tuotteet FHM:n rekisterirakenteessa,"Official aggregate registration-structure count supplied by the Public Health Agency of Sweden. The year is an authority-supplied label, not an assumed calendar-year flow or year-end snapshot. It is not annual sales value, sold device units, sold liquid volume, market share or donor evidence. The historical aggregate was supplied in the authority response and is not reproduced by the current public product list.","Ruotsin kansanterveysviranomaisen toimittama virallinen aggregoitu rekisterirakenneluku. Vuosi on viranomaisen toimittama vuosilabeli, ei oletettu kalenterivuoden virta tai vuoden lopun tilannekuva. Se ei ole vuosimyynnin arvo, myytyjen laitteiden kappalemäärä, myyty nestemäärä, markkinaosuus eikä luovuttajaevidenssiä. Historiallinen aggregaatti toimitettiin viranomaisvastauksessa eikä ole toistettavissa nykyisestä julkisesta tuoteluettelosta."
observation,SE-2021-FHM-REPORTING-ENTITIES,SE,Sweden,2021,reporting_entities_count,official_observed,official_response_year_label,notified_e_cigarettes_and_refill_containers,official_registration_structure_count_not_sales_or_market_value,false,false,,reporting_entity,399,,,,,,,,SE-FHM-PUBLIC-RECORD-RESPONSE-2026-07-24,,Reporting entities in FHM registration structure,Raportoivat toimijat FHM:n rekisterirakenteessa,"Official aggregate registration-structure count supplied by the Public Health Agency of Sweden. The year is an authority-supplied label, not an assumed calendar-year flow or year-end snapshot. It is not annual sales value, sold device units, sold liquid volume, market share or donor evidence. The historical aggregate was supplied in the authority response and is not reproduced by the current public product list.","Ruotsin kansanterveysviranomaisen toimittama virallinen aggregoitu rekisterirakenneluku. Vuosi on viranomaisen toimittama vuosilabeli, ei oletettu kalenterivuoden virta tai vuoden lopun tilannekuva. Se ei ole vuosimyynnin arvo, myytyjen laitteiden kappalemäärä, myyty nestemäärä, markkinaosuus eikä luovuttajaevidenssiä. Historiallinen aggregaatti toimitettiin viranomaisvastauksessa eikä ole toistettavissa nykyisestä julkisesta tuoteluettelosta."
observation,SE-2021-FHM-NOTIFIED-PRODUCTS,SE,Sweden,2021,notified_products_count,official_observed,official_response_year_label,notified_e_cigarettes_and_refill_containers,official_registration_structure_count_not_sales_or_market_value,false,false,,product,31243,,,,,,,,SE-FHM-PUBLIC-RECORD-RESPONSE-2026-07-24,,Notified products in FHM registration structure,Ilmoitetut tuotteet FHM:n rekisterirakenteessa,"Official aggregate registration-structure count supplied by the Public Health Agency of Sweden. The year is an authority-supplied label, not an assumed calendar-year flow or year-end snapshot. It is not annual sales value, sold device units, sold liquid volume, market share or donor evidence. The historical aggregate was supplied in the authority response and is not reproduced by the current public product list.","Ruotsin kansanterveysviranomaisen toimittama virallinen aggregoitu rekisterirakenneluku. Vuosi on viranomaisen toimittama vuosilabeli, ei oletettu kalenterivuoden virta tai vuoden lopun tilannekuva. Se ei ole vuosimyynnin arvo, myytyjen laitteiden kappalemäärä, myyty nestemäärä, markkinaosuus eikä luovuttajaevidenssiä. Historiallinen aggregaatti toimitettiin viranomaisvastauksessa eikä ole toistettavissa nykyisestä julkisesta tuoteluettelosta."
observation,SE-2021-FHM-ACTIVE-PRODUCTS,SE,Sweden,2021,active_products_count,official_observed,official_response_year_label,notified_e_cigarettes_and_refill_containers,official_registration_structure_count_not_sales_or_market_value,false,false,,product,19251,,,,,,,,SE-FHM-PUBLIC-RECORD-RESPONSE-2026-07-24,,Active products in FHM registration structure,Aktiiviset tuotteet FHM:n rekisterirakenteessa,"Official aggregate registration-structure count supplied by the Public Health Agency of Sweden. The year is an authority-supplied label, not an assumed calendar-year flow or year-end snapshot. It is not annual sales value, sold device units, sold liquid volume, market share or donor evidence. The historical aggregate was supplied in the authority response and is not reproduced by the current public product list.","Ruotsin kansanterveysviranomaisen toimittama virallinen aggregoitu rekisterirakenneluku. Vuosi on viranomaisen toimittama vuosilabeli, ei oletettu kalenterivuoden virta tai vuoden lopun tilannekuva. Se ei ole vuosimyynnin arvo, myytyjen laitteiden kappalemäärä, myyty nestemäärä, markkinaosuus eikä luovuttajaevidenssiä. Historiallinen aggregaatti toimitettiin viranomaisvastauksessa eikä ole toistettavissa nykyisestä julkisesta tuoteluettelosta."
observation,SE-2021-FHM-WITHDRAWN-PRODUCTS,SE,Sweden,2021,withdrawn_products_count,official_observed,official_response_year_label,notified_e_cigarettes_and_refill_containers,official_registration_structure_count_not_sales_or_market_value,false,false,,product,11992,,,,,,,,SE-FHM-PUBLIC-RECORD-RESPONSE-2026-07-24,,Withdrawn products in FHM registration structure,Poistetut tuotteet FHM:n rekisterirakenteessa,"Official aggregate registration-structure count supplied by the Public Health Agency of Sweden. The year is an authority-supplied label, not an assumed calendar-year flow or year-end snapshot. It is not annual sales value, sold device units, sold liquid volume, market share or donor evidence. The historical aggregate was supplied in the authority response and is not reproduced by the current public product list.","Ruotsin kansanterveysviranomaisen toimittama virallinen aggregoitu rekisterirakenneluku. Vuosi on viranomaisen toimittama vuosilabeli, ei oletettu kalenterivuoden virta tai vuoden lopun tilannekuva. Se ei ole vuosimyynnin arvo, myytyjen laitteiden kappalemäärä, myyty nestemäärä, markkinaosuus eikä luovuttajaevidenssiä. Historiallinen aggregaatti toimitettiin viranomaisvastauksessa eikä ole toistettavissa nykyisestä julkisesta tuoteluettelosta."
observation,SE-2022-FHM-REPORTING-ENTITIES,SE,Sweden,2022,reporting_entities_count,official_observed,official_response_year_label,notified_e_cigarettes_and_refill_containers,official_registration_structure_count_not_sales_or_market_value,false,false,,reporting_entity,431,,,,,,,,SE-FHM-PUBLIC-RECORD-RESPONSE-2026-07-24,,Reporting entities in FHM registration structure,Raportoivat toimijat FHM:n rekisterirakenteessa,"Official aggregate registration-structure count supplied by the Public Health Agency of Sweden. The year is an authority-supplied label, not an assumed calendar-year flow or year-end snapshot. It is not annual sales value, sold device units, sold liquid volume, market share or donor evidence. The historical aggregate was supplied in the authority response and is not reproduced by the current public product list.","Ruotsin kansanterveysviranomaisen toimittama virallinen aggregoitu rekisterirakenneluku. Vuosi on viranomaisen toimittama vuosilabeli, ei oletettu kalenterivuoden virta tai vuoden lopun tilannekuva. Se ei ole vuosimyynnin arvo, myytyjen laitteiden kappalemäärä, myyty nestemäärä, markkinaosuus eikä luovuttajaevidenssiä. Historiallinen aggregaatti toimitettiin viranomaisvastauksessa eikä ole toistettavissa nykyisestä julkisesta tuoteluettelosta."
observation,SE-2022-FHM-NOTIFIED-PRODUCTS,SE,Sweden,2022,notified_products_count,official_observed,official_response_year_label,notified_e_cigarettes_and_refill_containers,official_registration_structure_count_not_sales_or_market_value,false,false,,product,34163,,,,,,,,SE-FHM-PUBLIC-RECORD-RESPONSE-2026-07-24,,Notified products in FHM registration structure,Ilmoitetut tuotteet FHM:n rekisterirakenteessa,"Official aggregate registration-structure count supplied by the Public Health Agency of Sweden. The year is an authority-supplied label, not an assumed calendar-year flow or year-end snapshot. It is not annual sales value, sold device units, sold liquid volume, market share or donor evidence. The historical aggregate was supplied in the authority response and is not reproduced by the current public product list.","Ruotsin kansanterveysviranomaisen toimittama virallinen aggregoitu rekisterirakenneluku. Vuosi on viranomaisen toimittama vuosilabeli, ei oletettu kalenterivuoden virta tai vuoden lopun tilannekuva. Se ei ole vuosimyynnin arvo, myytyjen laitteiden kappalemäärä, myyty nestemäärä, markkinaosuus eikä luovuttajaevidenssiä. Historiallinen aggregaatti toimitettiin viranomaisvastauksessa eikä ole toistettavissa nykyisestä julkisesta tuoteluettelosta."
observation,SE-2022-FHM-ACTIVE-PRODUCTS,SE,Sweden,2022,active_products_count,official_observed,official_response_year_label,notified_e_cigarettes_and_refill_containers,official_registration_structure_count_not_sales_or_market_value,false,false,,product,20256,,,,,,,,SE-FHM-PUBLIC-RECORD-RESPONSE-2026-07-24,,Active products in FHM registration structure,Aktiiviset tuotteet FHM:n rekisterirakenteessa,"Official aggregate registration-structure count supplied by the Public Health Agency of Sweden. The year is an authority-supplied label, not an assumed calendar-year flow or year-end snapshot. It is not annual sales value, sold device units, sold liquid volume, market share or donor evidence. The historical aggregate was supplied in the authority response and is not reproduced by the current public product list.","Ruotsin kansanterveysviranomaisen toimittama virallinen aggregoitu rekisterirakenneluku. Vuosi on viranomaisen toimittama vuosilabeli, ei oletettu kalenterivuoden virta tai vuoden lopun tilannekuva. Se ei ole vuosimyynnin arvo, myytyjen laitteiden kappalemäärä, myyty nestemäärä, markkinaosuus eikä luovuttajaevidenssiä. Historiallinen aggregaatti toimitettiin viranomaisvastauksessa eikä ole toistettavissa nykyisestä julkisesta tuoteluettelosta."
observation,SE-2022-FHM-WITHDRAWN-PRODUCTS,SE,Sweden,2022,withdrawn_products_count,official_observed,official_response_year_label,notified_e_cigarettes_and_refill_containers,official_registration_structure_count_not_sales_or_market_value,false,false,,product,13907,,,,,,,,SE-FHM-PUBLIC-RECORD-RESPONSE-2026-07-24,,Withdrawn products in FHM registration structure,Poistetut tuotteet FHM:n rekisterirakenteessa,"Official aggregate registration-structure count supplied by the Public Health Agency of Sweden. The year is an authority-supplied label, not an assumed calendar-year flow or year-end snapshot. It is not annual sales value, sold device units, sold liquid volume, market share or donor evidence. The historical aggregate was supplied in the authority response and is not reproduced by the current public product list.","Ruotsin kansanterveysviranomaisen toimittama virallinen aggregoitu rekisterirakenneluku. Vuosi on viranomaisen toimittama vuosilabeli, ei oletettu kalenterivuoden virta tai vuoden lopun tilannekuva. Se ei ole vuosimyynnin arvo, myytyjen laitteiden kappalemäärä, myyty nestemäärä, markkinaosuus eikä luovuttajaevidenssiä. Historiallinen aggregaatti toimitettiin viranomaisvastauksessa eikä ole toistettavissa nykyisestä julkisesta tuoteluettelosta."
observation,SE-2023-FHM-REPORTING-ENTITIES,SE,Sweden,2023,reporting_entities_count,official_observed,official_response_year_label,notified_e_cigarettes_and_refill_containers,official_registration_structure_count_not_sales_or_market_value,false,false,,reporting_entity,544,,,,,,,,SE-FHM-PUBLIC-RECORD-RESPONSE-2026-07-24,,Reporting entities in FHM registration structure,Raportoivat toimijat FHM:n rekisterirakenteessa,"Official aggregate registration-structure count supplied by the Public Health Agency of Sweden. The year is an authority-supplied label, not an assumed calendar-year flow or year-end snapshot. It is not annual sales value, sold device units, sold liquid volume, market share or donor evidence. The historical aggregate was supplied in the authority response and is not reproduced by the current public product list.","Ruotsin kansanterveysviranomaisen toimittama virallinen aggregoitu rekisterirakenneluku. Vuosi on viranomaisen toimittama vuosilabeli, ei oletettu kalenterivuoden virta tai vuoden lopun tilannekuva. Se ei ole vuosimyynnin arvo, myytyjen laitteiden kappalemäärä, myyty nestemäärä, markkinaosuus eikä luovuttajaevidenssiä. Historiallinen aggregaatti toimitettiin viranomaisvastauksessa eikä ole toistettavissa nykyisestä julkisesta tuoteluettelosta."
observation,SE-2023-FHM-NOTIFIED-PRODUCTS,SE,Sweden,2023,notified_products_count,official_observed,official_response_year_label,notified_e_cigarettes_and_refill_containers,official_registration_structure_count_not_sales_or_market_value,false,false,,product,40593,,,,,,,,SE-FHM-PUBLIC-RECORD-RESPONSE-2026-07-24,,Notified products in FHM registration structure,Ilmoitetut tuotteet FHM:n rekisterirakenteessa,"Official aggregate registration-structure count supplied by the Public Health Agency of Sweden. The year is an authority-supplied label, not an assumed calendar-year flow or year-end snapshot. It is not annual sales value, sold device units, sold liquid volume, market share or donor evidence. The historical aggregate was supplied in the authority response and is not reproduced by the current public product list.","Ruotsin kansanterveysviranomaisen toimittama virallinen aggregoitu rekisterirakenneluku. Vuosi on viranomaisen toimittama vuosilabeli, ei oletettu kalenterivuoden virta tai vuoden lopun tilannekuva. Se ei ole vuosimyynnin arvo, myytyjen laitteiden kappalemäärä, myyty nestemäärä, markkinaosuus eikä luovuttajaevidenssiä. Historiallinen aggregaatti toimitettiin viranomaisvastauksessa eikä ole toistettavissa nykyisestä julkisesta tuoteluettelosta."
observation,SE-2023-FHM-ACTIVE-PRODUCTS,SE,Sweden,2023,active_products_count,official_observed,official_response_year_label,notified_e_cigarettes_and_refill_containers,official_registration_structure_count_not_sales_or_market_value,false,false,,product,25278,,,,,,,,SE-FHM-PUBLIC-RECORD-RESPONSE-2026-07-24,,Active products in FHM registration structure,Aktiiviset tuotteet FHM:n rekisterirakenteessa,"Official aggregate registration-structure count supplied by the Public Health Agency of Sweden. The year is an authority-supplied label, not an assumed calendar-year flow or year-end snapshot. It is not annual sales value, sold device units, sold liquid volume, market share or donor evidence. The historical aggregate was supplied in the authority response and is not reproduced by the current public product list.","Ruotsin kansanterveysviranomaisen toimittama virallinen aggregoitu rekisterirakenneluku. Vuosi on viranomaisen toimittama vuosilabeli, ei oletettu kalenterivuoden virta tai vuoden lopun tilannekuva. Se ei ole vuosimyynnin arvo, myytyjen laitteiden kappalemäärä, myyty nestemäärä, markkinaosuus eikä luovuttajaevidenssiä. Historiallinen aggregaatti toimitettiin viranomaisvastauksessa eikä ole toistettavissa nykyisestä julkisesta tuoteluettelosta."
observation,SE-2023-FHM-WITHDRAWN-PRODUCTS,SE,Sweden,2023,withdrawn_products_count,official_observed,official_response_year_label,notified_e_cigarettes_and_refill_containers,official_registration_structure_count_not_sales_or_market_value,false,false,,product,15315,,,,,,,,SE-FHM-PUBLIC-RECORD-RESPONSE-2026-07-24,,Withdrawn products in FHM registration structure,Poistetut tuotteet FHM:n rekisterirakenteessa,"Official aggregate registration-structure count supplied by the Public Health Agency of Sweden. The year is an authority-supplied label, not an assumed calendar-year flow or year-end snapshot. It is not annual sales value, sold device units, sold liquid volume, market share or donor evidence. The historical aggregate was supplied in the authority response and is not reproduced by the current public product list.","Ruotsin kansanterveysviranomaisen toimittama virallinen aggregoitu rekisterirakenneluku. Vuosi on viranomaisen toimittama vuosilabeli, ei oletettu kalenterivuoden virta tai vuoden lopun tilannekuva. Se ei ole vuosimyynnin arvo, myytyjen laitteiden kappalemäärä, myyty nestemäärä, markkinaosuus eikä luovuttajaevidenssiä. Historiallinen aggregaatti toimitettiin viranomaisvastauksessa eikä ole toistettavissa nykyisestä julkisesta tuoteluettelosta."
observation,SE-2024-FHM-REPORTING-ENTITIES,SE,Sweden,2024,reporting_entities_count,official_observed,official_response_year_label,notified_e_cigarettes_and_refill_containers,official_registration_structure_count_not_sales_or_market_value,false,false,,reporting_entity,619,,,,,,,,SE-FHM-PUBLIC-RECORD-RESPONSE-2026-07-24,,Reporting entities in FHM registration structure,Raportoivat toimijat FHM:n rekisterirakenteessa,"Official aggregate registration-structure count supplied by the Public Health Agency of Sweden. The year is an authority-supplied label, not an assumed calendar-year flow or year-end snapshot. It is not annual sales value, sold device units, sold liquid volume, market share or donor evidence. The historical aggregate was supplied in the authority response and is not reproduced by the current public product list.","Ruotsin kansanterveysviranomaisen toimittama virallinen aggregoitu rekisterirakenneluku. Vuosi on viranomaisen toimittama vuosilabeli, ei oletettu kalenterivuoden virta tai vuoden lopun tilannekuva. Se ei ole vuosimyynnin arvo, myytyjen laitteiden kappalemäärä, myyty nestemäärä, markkinaosuus eikä luovuttajaevidenssiä. Historiallinen aggregaatti toimitettiin viranomaisvastauksessa eikä ole toistettavissa nykyisestä julkisesta tuoteluettelosta."
observation,SE-2024-FHM-NOTIFIED-PRODUCTS,SE,Sweden,2024,notified_products_count,official_observed,official_response_year_label,notified_e_cigarettes_and_refill_containers,official_registration_structure_count_not_sales_or_market_value,false,false,,product,48036,,,,,,,,SE-FHM-PUBLIC-RECORD-RESPONSE-2026-07-24,,Notified products in FHM registration structure,Ilmoitetut tuotteet FHM:n rekisterirakenteessa,"Official aggregate registration-structure count supplied by the Public Health Agency of Sweden. The year is an authority-supplied label, not an assumed calendar-year flow or year-end snapshot. It is not annual sales value, sold device units, sold liquid volume, market share or donor evidence. The historical aggregate was supplied in the authority response and is not reproduced by the current public product list.","Ruotsin kansanterveysviranomaisen toimittama virallinen aggregoitu rekisterirakenneluku. Vuosi on viranomaisen toimittama vuosilabeli, ei oletettu kalenterivuoden virta tai vuoden lopun tilannekuva. Se ei ole vuosimyynnin arvo, myytyjen laitteiden kappalemäärä, myyty nestemäärä, markkinaosuus eikä luovuttajaevidenssiä. Historiallinen aggregaatti toimitettiin viranomaisvastauksessa eikä ole toistettavissa nykyisestä julkisesta tuoteluettelosta."
observation,SE-2024-FHM-ACTIVE-PRODUCTS,SE,Sweden,2024,active_products_count,official_observed,official_response_year_label,notified_e_cigarettes_and_refill_containers,official_registration_structure_count_not_sales_or_market_value,false,false,,product,30371,,,,,,,,SE-FHM-PUBLIC-RECORD-RESPONSE-2026-07-24,,Active products in FHM registration structure,Aktiiviset tuotteet FHM:n rekisterirakenteessa,"Official aggregate registration-structure count supplied by the Public Health Agency of Sweden. The year is an authority-supplied label, not an assumed calendar-year flow or year-end snapshot. It is not annual sales value, sold device units, sold liquid volume, market share or donor evidence. The historical aggregate was supplied in the authority response and is not reproduced by the current public product list.","Ruotsin kansanterveysviranomaisen toimittama virallinen aggregoitu rekisterirakenneluku. Vuosi on viranomaisen toimittama vuosilabeli, ei oletettu kalenterivuoden virta tai vuoden lopun tilannekuva. Se ei ole vuosimyynnin arvo, myytyjen laitteiden kappalemäärä, myyty nestemäärä, markkinaosuus eikä luovuttajaevidenssiä. Historiallinen aggregaatti toimitettiin viranomaisvastauksessa eikä ole toistettavissa nykyisestä julkisesta tuoteluettelosta."
observation,SE-2024-FHM-WITHDRAWN-PRODUCTS,SE,Sweden,2024,withdrawn_products_count,official_observed,official_response_year_label,notified_e_cigarettes_and_refill_containers,official_registration_structure_count_not_sales_or_market_value,false,false,,product,17665,,,,,,,,SE-FHM-PUBLIC-RECORD-RESPONSE-2026-07-24,,Withdrawn products in FHM registration structure,Poistetut tuotteet FHM:n rekisterirakenteessa,"Official aggregate registration-structure count supplied by the Public Health Agency of Sweden. The year is an authority-supplied label, not an assumed calendar-year flow or year-end snapshot. It is not annual sales value, sold device units, sold liquid volume, market share or donor evidence. The historical aggregate was supplied in the authority response and is not reproduced by the current public product list.","Ruotsin kansanterveysviranomaisen toimittama virallinen aggregoitu rekisterirakenneluku. Vuosi on viranomaisen toimittama vuosilabeli, ei oletettu kalenterivuoden virta tai vuoden lopun tilannekuva. Se ei ole vuosimyynnin arvo, myytyjen laitteiden kappalemäärä, myyty nestemäärä, markkinaosuus eikä luovuttajaevidenssiä. Historiallinen aggregaatti toimitettiin viranomaisvastauksessa eikä ole toistettavissa nykyisestä julkisesta tuoteluettelosta."
observation,SE-2025-FHM-REPORTING-ENTITIES,SE,Sweden,2025,reporting_entities_count,official_observed,official_response_year_label,notified_e_cigarettes_and_refill_containers,official_registration_structure_count_not_sales_or_market_value,false,false,,reporting_entity,663,,,,,,,,SE-FHM-PUBLIC-RECORD-RESPONSE-2026-07-24,,Reporting entities in FHM registration structure,Raportoivat toimijat FHM:n rekisterirakenteessa,"Official aggregate registration-structure count supplied by the Public Health Agency of Sweden. The year is an authority-supplied label, not an assumed calendar-year flow or year-end snapshot. It is not annual sales value, sold device units, sold liquid volume, market share or donor evidence. The historical aggregate was supplied in the authority response and is not reproduced by the current public product list.","Ruotsin kansanterveysviranomaisen toimittama virallinen aggregoitu rekisterirakenneluku. Vuosi on viranomaisen toimittama vuosilabeli, ei oletettu kalenterivuoden virta tai vuoden lopun tilannekuva. Se ei ole vuosimyynnin arvo, myytyjen laitteiden kappalemäärä, myyty nestemäärä, markkinaosuus eikä luovuttajaevidenssiä. Historiallinen aggregaatti toimitettiin viranomaisvastauksessa eikä ole toistettavissa nykyisestä julkisesta tuoteluettelosta."
observation,SE-2025-FHM-NOTIFIED-PRODUCTS,SE,Sweden,2025,notified_products_count,official_observed,official_response_year_label,notified_e_cigarettes_and_refill_containers,official_registration_structure_count_not_sales_or_market_value,false,false,,product,52889,,,,,,,,SE-FHM-PUBLIC-RECORD-RESPONSE-2026-07-24,,Notified products in FHM registration structure,Ilmoitetut tuotteet FHM:n rekisterirakenteessa,"Official aggregate registration-structure count supplied by the Public Health Agency of Sweden. The year is an authority-supplied label, not an assumed calendar-year flow or year-end snapshot. It is not annual sales value, sold device units, sold liquid volume, market share or donor evidence. The historical aggregate was supplied in the authority response and is not reproduced by the current public product list.","Ruotsin kansanterveysviranomaisen toimittama virallinen aggregoitu rekisterirakenneluku. Vuosi on viranomaisen toimittama vuosilabeli, ei oletettu kalenterivuoden virta tai vuoden lopun tilannekuva. Se ei ole vuosimyynnin arvo, myytyjen laitteiden kappalemäärä, myyty nestemäärä, markkinaosuus eikä luovuttajaevidenssiä. Historiallinen aggregaatti toimitettiin viranomaisvastauksessa eikä ole toistettavissa nykyisestä julkisesta tuoteluettelosta."
observation,SE-2025-FHM-ACTIVE-PRODUCTS,SE,Sweden,2025,active_products_count,official_observed,official_response_year_label,notified_e_cigarettes_and_refill_containers,official_registration_structure_count_not_sales_or_market_value,false,false,,product,32899,,,,,,,,SE-FHM-PUBLIC-RECORD-RESPONSE-2026-07-24,,Active products in FHM registration structure,Aktiiviset tuotteet FHM:n rekisterirakenteessa,"Official aggregate registration-structure count supplied by the Public Health Agency of Sweden. The year is an authority-supplied label, not an assumed calendar-year flow or year-end snapshot. It is not annual sales value, sold device units, sold liquid volume, market share or donor evidence. The historical aggregate was supplied in the authority response and is not reproduced by the current public product list.","Ruotsin kansanterveysviranomaisen toimittama virallinen aggregoitu rekisterirakenneluku. Vuosi on viranomaisen toimittama vuosilabeli, ei oletettu kalenterivuoden virta tai vuoden lopun tilannekuva. Se ei ole vuosimyynnin arvo, myytyjen laitteiden kappalemäärä, myyty nestemäärä, markkinaosuus eikä luovuttajaevidenssiä. Historiallinen aggregaatti toimitettiin viranomaisvastauksessa eikä ole toistettavissa nykyisestä julkisesta tuoteluettelosta."
observation,SE-2025-FHM-WITHDRAWN-PRODUCTS,SE,Sweden,2025,withdrawn_products_count,official_observed,official_response_year_label,notified_e_cigarettes_and_refill_containers,official_registration_structure_count_not_sales_or_market_value,false,false,,product,19990,,,,,,,,SE-FHM-PUBLIC-RECORD-RESPONSE-2026-07-24,,Withdrawn products in FHM registration structure,Poistetut tuotteet FHM:n rekisterirakenteessa,"Official aggregate registration-structure count supplied by the Public Health Agency of Sweden. The year is an authority-supplied label, not an assumed calendar-year flow or year-end snapshot. It is not annual sales value, sold device units, sold liquid volume, market share or donor evidence. The historical aggregate was supplied in the authority response and is not reproduced by the current public product list.","Ruotsin kansanterveysviranomaisen toimittama virallinen aggregoitu rekisterirakenneluku. Vuosi on viranomaisen toimittama vuosilabeli, ei oletettu kalenterivuoden virta tai vuoden lopun tilannekuva. Se ei ole vuosimyynnin arvo, myytyjen laitteiden kappalemäärä, myyty nestemäärä, markkinaosuus eikä luovuttajaevidenssiä. Historiallinen aggregaatti toimitettiin viranomaisvastauksessa eikä ole toistettavissa nykyisestä julkisesta tuoteluettelosta."
observation,SE-2026-FHM-REPORTING-ENTITIES,SE,Sweden,2026,reporting_entities_count,official_observed,official_current_snapshot,notified_e_cigarettes_and_refill_containers,official_registration_structure_count_not_sales_or_market_value,false,false,,reporting_entity,687,,,,,,,,SE-FHM-PUBLIC-RECORD-RESPONSE-2026-07-24,,Reporting entities in FHM registration structure,Raportoivat toimijat FHM:n rekisterirakenteessa,"Official aggregate registration-structure snapshot supplied by the Public Health Agency of Sweden as of 24 July 2026. It is a current snapshot, not a completed annual total. It is not annual sales value, sold device units, sold liquid volume, market share or donor evidence.","Ruotsin kansanterveysviranomaisen toimittama aggregoitu rekisterirakenteen nykytilannekuva 24.7.2026. Se ei ole valmistunut vuosisumma, vuosimyynnin arvo, myytyjen laitteiden kappalemäärä, myyty nestemäärä, markkinaosuus eikä luovuttajaevidenssiä."
observation,SE-2026-FHM-NOTIFIED-PRODUCTS,SE,Sweden,2026,notified_products_count,official_observed,official_current_snapshot,notified_e_cigarettes_and_refill_containers,official_registration_structure_count_not_sales_or_market_value,false,false,,product,55273,,,,,,,,SE-FHM-PUBLIC-RECORD-RESPONSE-2026-07-24,,Notified products in FHM registration structure,Ilmoitetut tuotteet FHM:n rekisterirakenteessa,"Official aggregate registration-structure snapshot supplied by the Public Health Agency of Sweden as of 24 July 2026. It is a current snapshot, not a completed annual total. It is not annual sales value, sold device units, sold liquid volume, market share or donor evidence.","Ruotsin kansanterveysviranomaisen toimittama aggregoitu rekisterirakenteen nykytilannekuva 24.7.2026. Se ei ole valmistunut vuosisumma, vuosimyynnin arvo, myytyjen laitteiden kappalemäärä, myyty nestemäärä, markkinaosuus eikä luovuttajaevidenssiä."
observation,SE-2026-FHM-ACTIVE-PRODUCTS,SE,Sweden,2026,active_products_count,official_observed,official_current_snapshot,notified_e_cigarettes_and_refill_containers,official_registration_structure_count_not_sales_or_market_value,false,false,,product,32889,,,,,,,,SE-FHM-PUBLIC-RECORD-RESPONSE-2026-07-24,,Active products in FHM registration structure,Aktiiviset tuotteet FHM:n rekisterirakenteessa,"Official aggregate registration-structure snapshot supplied by the Public Health Agency of Sweden as of 24 July 2026. It is a current snapshot, not a completed annual total. It is not annual sales value, sold device units, sold liquid volume, market share or donor evidence.","Ruotsin kansanterveysviranomaisen toimittama aggregoitu rekisterirakenteen nykytilannekuva 24.7.2026. Se ei ole valmistunut vuosisumma, vuosimyynnin arvo, myytyjen laitteiden kappalemäärä, myyty nestemäärä, markkinaosuus eikä luovuttajaevidenssiä."
observation,SE-2026-FHM-WITHDRAWN-PRODUCTS,SE,Sweden,2026,withdrawn_products_count,official_observed,official_current_snapshot,notified_e_cigarettes_and_refill_containers,official_registration_structure_count_not_sales_or_market_value,false,false,,product,22384,,,,,,,,SE-FHM-PUBLIC-RECORD-RESPONSE-2026-07-24,,Withdrawn products in FHM registration structure,Poistetut tuotteet FHM:n rekisterirakenteessa,"Official aggregate registration-structure snapshot supplied by the Public Health Agency of Sweden as of 24 July 2026. It is a current snapshot, not a completed annual total. It is not annual sales value, sold device units, sold liquid volume, market share or donor evidence.","Ruotsin kansanterveysviranomaisen toimittama aggregoitu rekisterirakenteen nykytilannekuva 24.7.2026. Se ei ole valmistunut vuosisumma, vuosimyynnin arvo, myytyjen laitteiden kappalemäärä, myyty nestemäärä, markkinaosuus eikä luovuttajaevidenssiä."
observation,GLOBAL-2025-IMARC-COMMERCIAL-ESTIMATE,,Global,2025,commercial_market_estimate,commercial_estimate,external_estimate,publisher_defined_global_e_cigarette_market_including_next_generation_and_htp_products,external_non_comparable_reference_not_atlas_estimate,false,false,USD,USD,26000000000,,,,,,,,IMARC-GLOBAL-2025,,IMARC global e-cigarette market estimate,IMARC:n arvio maailman sähkötupakkamarkkinasta,"External commercial estimate with publisher-defined scope and method. Its next-generation e-cigarette category explicitly includes heated-tobacco products such as IQOS and Glo, so it is not a pure vape or e-liquid comparison. It is not an observed value, is not comparable with the other commercial estimates, and remains only a non-comparable sanity check, not the atlas estimate.","Ulkoinen kaupallinen arvio, jonka rajaus ja menetelmä ovat julkaisijan määrittämiä. Sen next-generation e-cigarette -luokka sisältää nimenomaisesti kuumennettavia tupakkatuotteita, kuten IQOS ja Glo, joten kyse ei ole puhtaasta vape- tai nestemarkkinan vertailusta. Se ei ole havaittu arvo, ei ole vertailukelpoinen muiden kaupallisten arvioiden kanssa ja toimii vain erillisenä järkevyystarkistuksena, ei atlaksen arviona."
observation,GLOBAL-2025-GVR-COMMERCIAL-ESTIMATE,,Global,2025,commercial_market_estimate,commercial_estimate,external_estimate,publisher_defined_global_e_cigarette_and_vape_market,external_non_comparable_reference_not_atlas_estimate,false,false,USD,USD,45700000000,,,,,,,,GVR-GLOBAL-2025,,Grand View Research global e-cigarette and vape market estimate,Grand View Researchin arvio maailman sähkötupakka- ja vape-markkinasta,"External commercial estimate with publisher-defined scope and method. It is not an observed value, is not comparable with the other commercial estimates, and is not the atlas estimate.","Ulkoinen kaupallinen arvio, jonka rajaus ja menetelmä ovat julkaisijan määrittämiä. Se ei ole havaittu arvo, ei ole vertailukelpoinen muiden kaupallisten arvioiden kanssa eikä ole atlaksen arvio."
observation,GLOBAL-2025-FORTUNE-COMMERCIAL-ESTIMATE,,Global,2025,commercial_market_estimate,commercial_estimate,external_estimate,publisher_defined_global_e_cigarette_and_vaping_market,external_non_comparable_reference_not_atlas_estimate,false,false,USD,USD,46320000000,,,,,,,,FORTUNE-GLOBAL-2025,,Fortune Business Insights global e-cigarette and vaping market estimate,Fortune Business Insightsin arvio maailman sähkötupakka- ja vaping-markkinasta,"External commercial estimate with publisher-defined scope and method. It is not an observed value, is not comparable with the other commercial estimates, and is not the atlas estimate.","Ulkoinen kaupallinen arvio, jonka rajaus ja menetelmä ovat julkaisijan määrittämiä. Se ei ole havaittu arvo, ei ole vertailukelpoinen muiden kaupallisten arvioiden kanssa eikä ole atlaksen arvio."
observation,DE-2026-RETAIL-PRICE-LOW-EUR-PER-ML,DE,Germany,2026,retail_price_input,published_price_input,current_listing,ten_ml_finished_liquid_promotional_price,single_retail_listing_input_not_market_value,false,false,EUR,EUR_per_ml,0.44,,,,,,,,INTASTE-GERMANFLAVOURS-2026,,Low retail price input: GermanFlavours Pfefferminz 10 ml promotional variant,Alhainen vähittäishintasyöte: GermanFlavours Pfefferminz 10 ml kampanjahinta,"One online retailer listing observed in 2026; promotional and variant-dependent, not a representative market average.","Yhden verkkokaupan vuoden 2026 hintahavainto; kampanja- ja tuotevarianttikohtainen, ei edustava markkinakeskiarvo."
observation,DE-2026-RETAIL-PRICE-BASE-EUR-PER-ML,DE,Germany,2026,retail_price_input,published_price_input,current_listing,ten_ml_finished_liquid,single_retail_listing_input_not_market_value,false,false,EUR,EUR_per_ml,0.79,,,,,,,,INTASTE-SAMURAI-2026,,Central retail price input: Samurai Anstand 10 ml,Keskihintasyöte: Samurai Anstand 10 ml,One online retailer listing observed in 2026; product-specific and not a representative market average.,Yhden verkkokaupan vuoden 2026 tuotekohtainen hintahavainto; ei edustava markkinakeskiarvo.
observation,DE-2026-RETAIL-PRICE-HIGH-EUR-PER-ML,DE,Germany,2026,retail_price_input,published_price_input,current_listing,ten_ml_finished_nicotine_salt_liquid,single_retail_listing_input_not_market_value,false,false,EUR,EUR_per_ml,1.09,,,,,,,,INTASTE-REVOLTAGE-2026,,High retail price input: Revoltage Tobacco Vanilla nicotine salt 10 ml,Korkea vähittäishintasyöte: Revoltage Tobacco Vanilla -nikotiinisuola 10 ml,"One online retailer listing observed in 2026; nicotine-strength variant price, product-specific and not a representative market average.",Yhden verkkokaupan vuoden 2026 nikotiinivahvuusvariantin tuotekohtainen hintahavainto; ei edustava markkinakeskiarvo.
observation,CH-2025-OFFICIAL-AVERAGE-PRICE-CHF-PER-ML,CH,Switzerland,2025,retail_price_input,published_price_input,official_report_average_price,nicotine_refill_liquids_and_disposable_e_cigarette_contents,official_average_price_anchor_not_market_value,false,false,CHF,CHF_per_ml,4.43,,,,,,,,CH-FEDERAL-COUNCIL-TOBACCO-MARKET-REPORT-2025,,Official average-price anchor for refill liquid and disposable contents,Virallinen täyttönesteiden ja kertakäyttötuotteiden sisältöjen keskihinta-ankkuri,"The Federal Council report uses CHF 4.43/ml for both nicotine refill liquids and disposable contents. This is a report price snapshot, not a complete calendar-year market average, taxed volume, annual sales value or nationwide retail-market figure. It cannot be multiplied into a market total until a same-scope category volume is available.","Liittoneuvoston raportti käyttää 4,43 CHF/ml -hintaa sekä nikotiinia sisältäville täyttönesteille että kertakäyttötuotteiden sisällöille. Kyse on raportin hintahetkikuvasta, ei koko kalenterivuoden markkinakeskiarvosta, verotetusta määrästä, vuotuisesta myyntiarvosta tai valtakunnallisesta vähittäismarkkinaluvusta. Sitä ei saa kertoa markkinasummaksi ennen saman rajauksen kategoriavolyymin saamista."
observation,US-2015-FTC-CARTRIDGE-DISPOSABLE-REPORTED-SALES,US,United States,2015,ftc_reported_cartridge_and_disposable_sales,official_table_derived,sum_of_official_product_categories,cartridge_system_and_disposable_e_cigarette_products_excluding_open_system,manufacturer_reported_sales_not_complete_consumer_retail_sell_through,false,false,USD,USD,304170046,,,,,,,,US-FTC-E-CIGARETTE-REPORT-2021,,FTC-reported cartridge-system and disposable sales,FTC:lle raportoidut suljettujen järjestelmien ja kertakäyttötuotteiden myynnit,"Arithmetic sum of the FTC table's cartridge-system and disposable categories for six then-leading manufacturers. Open-system products are excluded to retain a consistent subset. This is manufacturer-reported direct and indirect sales, not complete consumer-retail sell-through; channel completeness and tax basis are not established.","FTC:n taulukon suljettujen järjestelmien ja kertakäyttötuotteiden luokkien aritmeettinen summa kuudelta silloiselta johtavalta valmistajalta. Open-system-tuotteet on rajattu pois yhtenäisen osajoukon säilyttämiseksi. Kyse on valmistajien raportoimasta suorasta ja epäsuorasta myynnistä, ei täydellisestä kuluttajavähittäismyynnistä; kanavapeittoa ja veroperustaa ei ole vahvistettu."
observation,US-2016-FTC-CARTRIDGE-DISPOSABLE-REPORTED-SALES,US,United States,2016,ftc_reported_cartridge_and_disposable_sales,official_table_derived,sum_of_official_product_categories,cartridge_system_and_disposable_e_cigarette_products_excluding_open_system,manufacturer_reported_sales_not_complete_consumer_retail_sell_through,false,false,USD,USD,485707484,,,,,,,,US-FTC-E-CIGARETTE-REPORT-2021,,FTC-reported cartridge-system and disposable sales,FTC:lle raportoidut suljettujen järjestelmien ja kertakäyttötuotteiden myynnit,"Arithmetic sum of the FTC table's cartridge-system and disposable categories for six then-leading manufacturers. Open-system products are excluded to retain a consistent subset. This is manufacturer-reported direct and indirect sales, not complete consumer-retail sell-through; channel completeness and tax basis are not established.","FTC:n taulukon suljettujen järjestelmien ja kertakäyttötuotteiden luokkien aritmeettinen summa kuudelta silloiselta johtavalta valmistajalta. Open-system-tuotteet on rajattu pois yhtenäisen osajoukon säilyttämiseksi. Kyse on valmistajien raportoimasta suorasta ja epäsuorasta myynnistä, ei täydellisestä kuluttajavähittäismyynnistä; kanavapeittoa ja veroperustaa ei ole vahvistettu."
observation,US-2017-FTC-CARTRIDGE-DISPOSABLE-REPORTED-SALES,US,United States,2017,ftc_reported_cartridge_and_disposable_sales,official_table_derived,sum_of_official_product_categories,cartridge_system_and_disposable_e_cigarette_products_excluding_open_system,manufacturer_reported_sales_not_complete_consumer_retail_sell_through,false,false,USD,USD,779836399,,,,,,,,US-FTC-E-CIGARETTE-REPORT-2021,,FTC-reported cartridge-system and disposable sales,FTC:lle raportoidut suljettujen järjestelmien ja kertakäyttötuotteiden myynnit,"Arithmetic sum of the FTC table's cartridge-system and disposable categories for six then-leading manufacturers. Open-system products are excluded to retain a consistent subset. This is manufacturer-reported direct and indirect sales, not complete consumer-retail sell-through; channel completeness and tax basis are not established.","FTC:n taulukon suljettujen järjestelmien ja kertakäyttötuotteiden luokkien aritmeettinen summa kuudelta silloiselta johtavalta valmistajalta. Open-system-tuotteet on rajattu pois yhtenäisen osajoukon säilyttämiseksi. Kyse on valmistajien raportoimasta suorasta ja epäsuorasta myynnistä, ei täydellisestä kuluttajavähittäismyynnistä; kanavapeittoa ja veroperustaa ei ole vahvistettu."
observation,US-2018-FTC-CARTRIDGE-DISPOSABLE-REPORTED-SALES,US,United States,2018,ftc_reported_cartridge_and_disposable_sales,official_table_derived,sum_of_official_product_categories,cartridge_system_and_disposable_e_cigarette_products_excluding_open_system,manufacturer_reported_sales_not_complete_consumer_retail_sell_through,false,false,USD,USD,2043703005,,,,,,,,US-FTC-E-CIGARETTE-REPORT-2021,,FTC-reported cartridge-system and disposable sales,FTC:lle raportoidut suljettujen järjestelmien ja kertakäyttötuotteiden myynnit,"Arithmetic sum of the FTC table's cartridge-system and disposable categories for six then-leading manufacturers. Open-system products are excluded to retain a consistent subset. This is manufacturer-reported direct and indirect sales, not complete consumer-retail sell-through; channel completeness and tax basis are not established.","FTC:n taulukon suljettujen järjestelmien ja kertakäyttötuotteiden luokkien aritmeettinen summa kuudelta silloiselta johtavalta valmistajalta. Open-system-tuotteet on rajattu pois yhtenäisen osajoukon säilyttämiseksi. Kyse on valmistajien raportoimasta suorasta ja epäsuorasta myynnistä, ei täydellisestä kuluttajavähittäismyynnistä; kanavapeittoa ja veroperustaa ei ole vahvistettu."
observation,US-2019-FTC-CARTRIDGE-DISPOSABLE-REPORTED-SALES,US,United States,2019,ftc_reported_cartridge_and_disposable_sales,official_table_derived,corrected_official_table_sum,cartridge_system_and_disposable_e_cigarette_products_excluding_open_system,manufacturer_reported_sales_not_complete_consumer_retail_sell_through,false,false,USD,USD,2702608307,,,,,,,,US-FTC-E-CIGARETTE-REPORT-2021,,FTC-reported cartridge-system and disposable sales,FTC:lle raportoidut suljettujen järjestelmien ja kertakäyttötuotteiden myynnit,"Arithmetic sum of the corrected FTC table's cartridge-system and disposable categories for the five original reporting manufacturers still marketing e-cigarettes. Open-system products are excluded. The 2019 reporting population is not comparable with the expanded 2020–2021 population, so this is not a continuous complete-market series.","Korjatun FTC-taulukon suljettujen järjestelmien ja kertakäyttötuotteiden luokkien aritmeettinen summa viideltä alkuperäiseltä edelleen sähkötupakkatuotteita markkinoineelta valmistajalta. Open-system-tuotteet on rajattu pois. Vuoden 2019 raportoijajoukko ei ole vertailukelpoinen laajennetun vuosien 2020–2021 joukon kanssa, joten kyse ei ole jatkuvasta koko markkinan sarjasta."
observation,US-2020-FTC-CARTRIDGE-DISPOSABLE-REPORTED-SALES,US,United States,2020,ftc_reported_cartridge_and_disposable_sales,official_table_derived,corrected_and_expanded_official_table_sum,cartridge_system_and_disposable_e_cigarette_products_excluding_open_system,manufacturer_reported_sales_not_complete_consumer_retail_sell_through,false,false,USD,USD,2394423105,,,,,,,,US-FTC-E-CIGARETTE-REPORT-2021,,FTC-reported cartridge-system and disposable sales,FTC:lle raportoidut suljettujen järjestelmien ja kertakäyttötuotteiden myynnit,"Arithmetic sum of the corrected FTC table's cartridge-system and disposable categories. The 2020 table combines the five prior recipients with 2020 data from three of the four first-time recipients; all nine recipients are covered in 2021. Open-system products are excluded. The additional-company coverage means 2020 is not directly comparable with 2019, and this is not complete consumer-retail sell-through.","Korjatun FTC-taulukon suljettujen järjestelmien ja kertakäyttötuotteiden luokkien aritmeettinen summa. Vuoden 2020 taulukko yhdistää viisi aiempaa vastaanottajaa niiden kolmen uuden vastaanottajan vuoden 2020 tietoihin, jotka neljästä uudesta vastaanottajasta pystyivät tiedot toimittamaan; vuonna 2021 mukana ovat kaikki yhdeksän vastaanottajaa. Open-system-tuotteet on rajattu pois. Lisäyritysten vuoksi vuosi 2020 ei ole suoraan vertailukelpoinen vuoden 2019 kanssa, eikä kyse ole täydellisestä kuluttajavähittäismyynnistä."
observation,US-2021-FTC-CARTRIDGE-DISPOSABLE-REPORTED-SALES,US,United States,2021,ftc_reported_cartridge_and_disposable_sales,official_table_derived,official_table_sum,cartridge_system_and_disposable_e_cigarette_products_excluding_open_system,manufacturer_reported_sales_not_complete_consumer_retail_sell_through,false,false,USD,USD,2763284338,,,,,,,,US-FTC-E-CIGARETTE-REPORT-2021,,FTC-reported cartridge-system and disposable sales,FTC:lle raportoidut suljettujen järjestelmien ja kertakäyttötuotteiden myynnit,"Arithmetic sum of FTC-reported cartridge-system sales of USD 2,496,219,204 and disposable sales of USD 267,065,134 for nine leading manufacturers. Open-system products are excluded, tax basis is unstated and the result is not complete consumer-retail sell-through.","FTC:lle raportoitujen yhdeksän johtavan valmistajan suljettujen järjestelmien 2 496 219 204 dollarin ja kertakäyttötuotteiden 267 065 134 dollarin myynnin aritmeettinen summa. Open-system-tuotteet on rajattu pois, veroperustaa ei ilmoiteta eikä tulos ole täydellinen kuluttajavähittäismyynti."
observation,NZ-2019-HES-E-CIGARETTES-AND-REFILLS-EXPENDITURE-NZD,NZ,New Zealand,2019,household_expenditure_estimate,official_observed,official_survey_estimate_rse_57_1_percent_quality_L,nzhec_02_2_00_4_e_cigarettes_and_refills,national_household_expenditure_survey_estimate_not_calendar_year_retail_sales,false,false,NZD,NZD,42276000,,,,,,,,NZ-STATSNZ-HES-DETAILED-2019-2023,,HES e-cigarettes and refills household-expenditure estimate,HES-kotitalousmenoestimaatti sähkötupakoille ja täyttötuotteille,"Stats NZ year-ended-June 2019 national survey estimate; relative sampling error 57.1% and quality flag L. This is not a calendar-year retail sell-through census, GST treatment is not explicit and it is not donor evidence. No EUR equivalent is computed because the reviewed FX layer does not substitute a calendar-year rate for this period.","Stats NZ:n kesäkuuhun 2019 päättyvän vuoden valtakunnallinen otosestimaatti; suhteellinen otantavirhe 57,1 % ja laatulippu L. Kyse ei ole kalenterivuoden vähittäismyynnin kokonaismittauksesta, GST-käsittelyä ei ilmoiteta yksiselitteisesti eikä havainto ole donor-evidenssiä. EUR-vasta-arvoa ei lasketa, koska tarkistettu valuuttakerros ei korvaa tätä jaksoa kalenterivuoden kurssilla."
observation,NZ-2019-HES-E-CIGARETTE-DEVICES-EXPENDITURE-NZD,NZ,New Zealand,2019,household_expenditure_estimate,official_observed,official_survey_estimate_rse_106_9_percent_quality_P,nzhec_02_2_00_4_0_01_e_cigarette_devices,national_household_expenditure_survey_estimate_not_calendar_year_retail_sales,false,false,NZD,NZD,18034000,,,,,,,,NZ-STATSNZ-HES-DETAILED-2019-2023,,HES e-cigarette-device household-expenditure estimate,HES-kotitalousmenoestimaatti sähkötupakkalaitteille,"Stats NZ year-ended-June 2019 device estimate; relative sampling error 106.9% and quality flag P. The estimate is highly uncertain, is not calendar-year retail sell-through and is not donor evidence. No EUR equivalent is computed for the incompatible period.","Stats NZ:n kesäkuuhun 2019 päättyvän vuoden laite-estimaatti; suhteellinen otantavirhe 106,9 % ja laatulippu P. Estimaatti on erittäin epävarma, ei mittaa kalenterivuoden vähittäismyyntiä eikä ole donor-evidenssiä. EUR-vasta-arvoa ei lasketa yhteensopimattomalle jaksolle."
observation,NZ-2019-HES-E-CIGARETTE-REFILLS-EXPENDITURE-NZD,NZ,New Zealand,2019,household_expenditure_estimate,official_observed,official_survey_estimate_rse_38_4_percent_quality_M,nzhec_02_2_00_4_0_02_e_cigarette_refills,national_household_expenditure_survey_estimate_not_calendar_year_retail_sales,false,false,NZD,NZD,24242000,,,,,,,,NZ-STATSNZ-HES-DETAILED-2019-2023,,HES e-cigarette-refill household-expenditure estimate,HES-kotitalousmenoestimaatti sähkötupakan täyttötuotteille,"Stats NZ year-ended-June 2019 refill estimate; relative sampling error 38.4% and quality flag M. It is not a calendar-year retail sell-through census, GST treatment is not explicit and it is not donor evidence. No EUR equivalent is computed for the incompatible period.","Stats NZ:n kesäkuuhun 2019 päättyvän vuoden täyttötuote-estimaatti; suhteellinen otantavirhe 38,4 % ja laatulippu M. Kyse ei ole kalenterivuoden vähittäismyynnin kokonaismittauksesta, GST-käsittelyä ei ilmoiteta yksiselitteisesti eikä havainto ole donor-evidenssiä. EUR-vasta-arvoa ei lasketa yhteensopimattomalle jaksolle."
observation,NZ-2023-HES-E-CIGARETTES-AND-REFILLS-EXPENDITURE-NZD,NZ,New Zealand,2023,household_expenditure_estimate,official_observed,official_survey_estimate_rse_22_4_percent_quality_M,nzhec_02_2_00_4_e_cigarettes_and_refills,national_household_expenditure_survey_estimate_not_calendar_year_retail_sales,false,false,NZD,NZD,186980000,,,,,,,,NZ-STATSNZ-HES-DETAILED-2019-2023,,HES e-cigarettes and refills household-expenditure estimate,HES-kotitalousmenoestimaatti sähkötupakoille ja täyttötuotteille,"Stats NZ year-ended-June 2023 national survey estimate; relative sampling error 22.4% and quality flag M. It cannot be reconciled directly to the calendar-2024 specialist-return subtotal because period, channel, method and tax boundaries differ. No EUR equivalent is computed for the incompatible period.","Stats NZ:n kesäkuuhun 2023 päättyvän vuoden valtakunnallinen otosestimaatti; suhteellinen otantavirhe 22,4 % ja laatulippu M. Sitä ei voi täsmäyttää suoraan kalenterivuoden 2024 erikoiskauppasummaan, koska jakso-, kanava-, menetelmä- ja verorajaukset eroavat. EUR-vasta-arvoa ei lasketa yhteensopimattomalle jaksolle."
observation,NZ-2023-HES-E-CIGARETTE-DEVICES-EXPENDITURE-NZD,NZ,New Zealand,2023,household_expenditure_estimate,official_observed,official_survey_estimate_rse_79_1_percent_quality_L,nzhec_02_2_00_4_0_01_e_cigarette_devices,national_household_expenditure_survey_estimate_not_calendar_year_retail_sales,false,false,NZD,NZD,22488000,,,,,,,,NZ-STATSNZ-HES-DETAILED-2019-2023,,HES e-cigarette-device household-expenditure estimate,HES-kotitalousmenoestimaatti sähkötupakkalaitteille,"Stats NZ year-ended-June 2023 device estimate; relative sampling error 79.1% and quality flag L. The estimate is highly uncertain, is not calendar-year retail sell-through and cannot validate the 2024 candidate. No EUR equivalent is computed for the incompatible period.","Stats NZ:n kesäkuuhun 2023 päättyvän vuoden laite-estimaatti; suhteellinen otantavirhe 79,1 % ja laatulippu L. Estimaatti on hyvin epävarma, ei mittaa kalenterivuoden vähittäismyyntiä eikä validoi vuoden 2024 ehdokasta. EUR-vasta-arvoa ei lasketa yhteensopimattomalle jaksolle."
observation,NZ-2023-HES-E-CIGARETTE-REFILLS-EXPENDITURE-NZD,NZ,New Zealand,2023,household_expenditure_estimate,official_observed,official_survey_estimate_rse_22_6_percent_quality_M,nzhec_02_2_00_4_0_02_e_cigarette_refills,national_household_expenditure_survey_estimate_not_calendar_year_retail_sales,false,false,NZD,NZD,164492000,,,,,,,,NZ-STATSNZ-HES-DETAILED-2019-2023,,HES e-cigarette-refill household-expenditure estimate,HES-kotitalousmenoestimaatti sähkötupakan täyttötuotteille,"Stats NZ year-ended-June 2023 refill estimate; relative sampling error 22.6% and quality flag M. It is not calendar-year retail sell-through and cannot validate the 2024 candidate without aligned channel, period, tax and method boundaries. No EUR equivalent is computed for the incompatible period.","Stats NZ:n kesäkuuhun 2023 päättyvän vuoden täyttötuote-estimaatti; suhteellinen otantavirhe 22,6 % ja laatulippu M. Se ei mittaa kalenterivuoden vähittäismyyntiä eikä validoi vuoden 2024 ehdokasta ilman yhteismitallisia kanava-, jakso-, vero- ja menetelmärajauksia. EUR-vasta-arvoa ei lasketa yhteensopimattomalle jaksolle."
observation,CA-2021-HC-VAPING-MARKET-BENCHMARK,CA,Canada,2021,institutional_market_value_benchmark,institutional_supported,published_secondary_benchmark,publisher_defined_canadian_vaping_products_all_channels,custom_commercial_study_benchmark_published_by_official_institution_not_donor,false,false,CAD,CAD,2040000000,,,,,,,,CA-HC-TVPA-REVIEW-2022,,Health Canada-published 2021 vaping-market benchmark,Health Canadan julkaisema vuoden 2021 vaping-markkinan vertailuarvo,"Health Canada publishes CAD 2.04 billion and attributes it to a 2022 custom Euromonitor International study. The underlying workbook, exact product definition, tax basis, channel weights and method are not public. It is an institutional benchmark, not an official observation, accepted donor or transferable 2024 uplift.","Health Canada julkaisee 2,04 miljardin CAD:n arvon ja liittää sen Euromonitor Internationalin vuoden 2022 tilaustutkimukseen. Taustatyökirja, tarkka tuoterajaus, veroperusta, kanavapainot ja menetelmä eivät ole julkisia. Kyse on institutionaalisesta vertailuarvosta, ei virallisesta havainnosta, hyväksytystä donorista tai vuoteen 2024 siirrettävästä korotuksesta."
observation,CA-2021-HC-GAS-CONVENIENCE-VAPING-SALES-BENCHMARK,CA,Canada,2021,institutional_channel_value_benchmark,institutional_supported,published_secondary_channel_benchmark,gas_and_convenience_store_vaping_product_sales,custom_commercial_channel_benchmark_published_by_official_institution_not_donor,false,false,CAD,CAD,631000000,,,,,,,,CA-HC-TVPA-REVIEW-2022,,Health Canada-published gas and convenience channel benchmark,Health Canadan julkaisema huoltoasema- ja convenience-kanavan vertailuarvo,"Health Canada reports CAD 631 million, or 31% of the 2021 benchmark. The value comes from a custom commercial study whose public page does not expose the underlying workbook or method. It is a historical channel benchmark, not a 2024 channel value or donor evidence.","Health Canada raportoi 631 miljoonaa CAD eli 31 % vuoden 2021 vertailuarvosta. Luku tulee tilaustutkimuksesta, jonka taustatyökirjaa tai menetelmää julkinen sivu ei avaa. Kyse on historiallisesta kanavavertailusta, ei vuoden 2024 kanava-arvosta tai donor-evidenssistä."
observation,CA-2021-HC-ONLINE-VAPING-SALES-BENCHMARK,CA,Canada,2021,institutional_channel_value_benchmark,institutional_supported,published_approximate_secondary_channel_benchmark,online_vaping_product_sales,custom_commercial_channel_benchmark_published_by_official_institution_not_donor,false,false,CAD,CAD,436000000,,,,,,,,CA-HC-TVPA-REVIEW-2022,,Health Canada-published online-channel benchmark,Health Canadan julkaisema verkkokanavan vertailuarvo,"Health Canada reports online sales at an estimated 21% and approximately CAD 436 million in 2021. The public page does not expose the custom study workbook or method, and the rounded percentage does not arithmetically reproduce the approximate value exactly. This is not a 2024 channel value or donor evidence.","Health Canada raportoi verkkokaupan osuudeksi arviolta 21 % ja arvoksi noin 436 miljoonaa CAD vuonna 2021. Julkinen sivu ei avaa tilaustutkimuksen työkirjaa tai menetelmää, eikä pyöristetty prosenttiosuus toista likimääräistä arvoa täsmälleen. Kyse ei ole vuoden 2024 kanava-arvosta tai donor-evidenssistä."
observation,DE-2024-EUROSTAT-20595980-SOLD-PRODUCTION-EUR,DE,Germany,2024,prodcom_20595980_sold_production_value,official_provisional,published_reliable_estimate_flag_E,prodcom_20595980_products_containing_nicotine_or_nicotine_substitutes_intended_for_inhalation_without_combustion,sold_production_value_ex_vat_excise_not_retail_market_value,false,false,EUR,EUR,39078000,,,,,,,,DE-EUROSTAT-PRODCOM-COMEXT-20595980-2024,,PRODCOM 20595980 sold production value,PRODCOM 20595980:n myydyn tuotannon arvo,"Eurostat publishes PRODVAL EUR 39,078,000 with PVALFLAG :E, a reliable estimate considered accurate enough for national publication. It is supply-stage sold production, not consumer retail sell-through or RSP.","Eurostat julkaisee PRODVAL-arvon 39 078 000 euroa PVALFLAG :E -merkinnällä, joka tarkoittaa kansalliseen julkaisuun riittävän luotettavaa arviota. Kyse on tarjontavaiheen myydystä tuotannosta, ei kuluttajamyynnistä tai RSP-arvosta."
observation,DE-2024-EUROSTAT-20595980-IMPORTS-EUR,DE,Germany,2024,prodcom_20595980_import_value,official_observed,published,prodcom_20595980_products_containing_nicotine_or_nicotine_substitutes_intended_for_inhalation_without_combustion,cif_import_value_ex_import_taxes_not_retail_market_value,false,false,EUR,EUR,400843037,,,,,,,,DE-EUROSTAT-PRODCOM-COMEXT-20595980-2024,,PRODCOM 20595980 import value,PRODCOM 20595980:n tuontiarvo,"Official border-trade value for imports into Germany. CIF import value is not domestic sales, consumer sell-through or retail market value and may feed inventories or later exports.","Virallinen Saksaan suuntautuvan tuonnin raja-arvo. CIF-tuontiarvo ei ole kotimaan myyntiä, kuluttajamyyntiä tai vähittäismarkkina-arvoa, ja tavara voi päätyä varastoon tai myöhempään vientiin."
observation,DE-2024-EUROSTAT-20595980-EXPORTS-EUR,DE,Germany,2024,prodcom_20595980_export_value,official_observed,published,prodcom_20595980_products_containing_nicotine_or_nicotine_substitutes_intended_for_inhalation_without_combustion,fob_export_value_not_retail_market_value,false,false,EUR,EUR,120676188,,,,,,,,DE-EUROSTAT-PRODCOM-COMEXT-20595980-2024,,PRODCOM 20595980 export value,PRODCOM 20595980:n vientiarvo,Official border-trade value for exports from Germany. FOB export value is not German consumer retail sell-through or RSP.,Virallinen Saksasta suuntautuvan viennin raja-arvo. FOB-vientiarvo ei ole Saksan kuluttajamyyntiä tai RSP-arvoa.
observation,DE-2024-EUROSTAT-27901152-SOLD-PRODUCTION-EUR,DE,Germany,2024,prodcom_27901152_sold_production_value,official_provisional,published_reliable_estimate_flag_E,prodcom_27901152_electronic_cigarettes_and_similar_personal_electric_vaporising_devices,sold_production_value_ex_vat_excise_not_retail_market_value,false,false,EUR,EUR,99890000,,,,,,,,DE-EUROSTAT-PRODCOM-COMEXT-27901152-2024,,PRODCOM 27901152 sold production value,PRODCOM 27901152:n myydyn tuotannon arvo,"Eurostat publishes PRODVAL EUR 99,890,000 with PVALFLAG :E, a reliable estimate considered accurate enough for national publication. The product class includes electronic cigarettes and similar personal electric vaporising devices; it is not proven hardware-only consumer RSP.","Eurostat julkaisee PRODVAL-arvon 99 890 000 euroa PVALFLAG :E -merkinnällä, joka tarkoittaa kansalliseen julkaisuun riittävän luotettavaa arviota. Tuoteluokka sisältää sähkösavukkeet ja vastaavat henkilökohtaiset sähköiset höyrystimet; se ei ole osoitetusti vain laitteiden kuluttajahintainen RSP."
observation,DE-2024-EUROSTAT-27901152-IMPORTS-EUR,DE,Germany,2024,prodcom_27901152_import_value,official_observed,published,prodcom_27901152_electronic_cigarettes_and_similar_personal_electric_vaporising_devices,cif_import_value_ex_import_taxes_not_retail_market_value,false,false,EUR,EUR,490580247,,,,,,,,DE-EUROSTAT-PRODCOM-COMEXT-27901152-2024,,PRODCOM 27901152 import value,PRODCOM 27901152:n tuontiarvo,Official border-trade value for imports into Germany. CIF import value is not domestic consumer sell-through or retail market value and may include goods entering inventory or later re-exported.,"Virallinen Saksaan suuntautuvan tuonnin raja-arvo. CIF-tuontiarvo ei ole kotimaan kuluttajamyyntiä tai vähittäismarkkina-arvoa, ja se voi sisältää varastoon tai myöhempään jälleenvientiin päätyviä tavaroita."
observation,DE-2024-EUROSTAT-27901152-EXPORTS-EUR,DE,Germany,2024,prodcom_27901152_export_value,official_observed,published,prodcom_27901152_electronic_cigarettes_and_similar_personal_electric_vaporising_devices,fob_export_value_not_retail_market_value,false,false,EUR,EUR,301380538,,,,,,,,DE-EUROSTAT-PRODCOM-COMEXT-27901152-2024,,PRODCOM 27901152 export value,PRODCOM 27901152:n vientiarvo,Official border-trade value for exports from Germany. FOB export value is not German consumer retail sell-through or RSP.,Virallinen Saksasta suuntautuvan viennin raja-arvo. FOB-vientiarvo ei ole Saksan kuluttajamyyntiä tai RSP-arvoa.
observation,DE-2024-EUROSTAT-20595980-APPARENT-SUPPLY-EUR,DE,Germany,2024,prodcom_20595980_apparent_supply_value,official_table_derived,derived_production_plus_imports_minus_exports_production_flag_E,prodcom_20595980_products_containing_nicotine_or_nicotine_substitutes_intended_for_inhalation_without_combustion,production_plus_imports_minus_exports_supply_stage_value_not_consumer_retail_sell_through,false,false,EUR,EUR,319244849,,,,,,,,DE-EUROSTAT-PRODCOM-COMEXT-20595980-2024,,PRODCOM 20595980 apparent supply value,PRODCOM 20595980:n laskennallinen tarjonta-arvo,"Calculated as EUR 39,078,000 + EUR 400,843,037 - EUR 120,676,188 = EUR 319,244,849. Production is PVALFLAG :E. The identity ignores inventory changes and distribution margins and is not observed retail sell-through or RSP.",Laskelma: 39 078 000 + 400 843 037 - 120 676 188 = 319 244 849 euroa. Tuotannon PVALFLAG on :E. Identiteetti ei huomioi varastomuutoksia eikä jakelumarginaaleja eikä ole havaittu kuluttajamyynti tai RSP.
observation,DE-2024-EUROSTAT-27901152-APPARENT-SUPPLY-EUR,DE,Germany,2024,prodcom_27901152_apparent_supply_value,official_table_derived,derived_production_plus_imports_minus_exports_production_flag_E,prodcom_27901152_electronic_cigarettes_and_similar_personal_electric_vaporising_devices,production_plus_imports_minus_exports_supply_stage_value_not_consumer_retail_sell_through,false,false,EUR,EUR,289089709,,,,,,,,DE-EUROSTAT-PRODCOM-COMEXT-27901152-2024,,PRODCOM 27901152 apparent supply value,PRODCOM 27901152:n laskennallinen tarjonta-arvo,"Calculated as EUR 99,890,000 + EUR 490,580,247 - EUR 301,380,538 = EUR 289,089,709. Production is PVALFLAG :E. The identity ignores inventory changes and distribution margins and is not observed retail sell-through or RSP.",Laskelma: 99 890 000 + 490 580 247 - 301 380 538 = 289 089 709 euroa. Tuotannon PVALFLAG on :E. Identiteetti ei huomioi varastomuutoksia eikä jakelumarginaaleja eikä ole havaittu kuluttajamyynti tai RSP.
observation,DE-2024-EUROSTAT-COMBINED-APPARENT-SUPPLY-EUR,DE,Germany,2024,combined_prodcom_apparent_supply_value,official_table_derived,sum_of_two_derived_apparent_supply_categories,prodcom_20595980_inhalation_products_plus_27901152_electronic_cigarettes_and_similar_vaporising_devices,combined_apparent_supply_stage_value_not_consumer_retail_sell_through,false,false,EUR,EUR,608334558,,,,,,,,DE-EUROSTAT-PRODCOM-COMEXT-20595980-2024|DE-EUROSTAT-PRODCOM-COMEXT-27901152-2024,,Combined PRODCOM apparent supply value,PRODCOM-luokkien yhdistetty laskennallinen tarjonta-arvo,"Sum of EUR 319,244,849 and EUR 289,089,709 = EUR 608,334,558. Product-code coverage is not proven identical to the German tax or consumer-market scope; inventories, distribution margins, illegal trade and channel coverage remain unresolved.","Summa 319 244 849 + 289 089 709 = 608 334 558 euroa. Tuotekoodien kattavuuden ei ole osoitettu vastaavan Saksan vero- tai kuluttajamarkkinarajausta; varastot, jakelumarginaalit, laiton kauppa ja kanavakattavuus ovat avoimia."
observation,DE-2024-EUROSTAT-APPARENT-SUPPLY-EXCISE-VAT-BRIDGE-EUR,DE,Germany,2024,mechanical_apparent_supply_excise_vat_bridge,official_table_derived,derived_with_rounded_official_excise_receipts_and_statutory_vat_rate,prodcom_20595980_inhalation_products_plus_27901152_electronic_cigarettes_and_similar_vaporising_devices_plus_taxed_substitutes_excise_receipts,mechanical_supply_plus_cash_excise_receipts_times_vat_not_observed_retail_market_value,false,false,EUR,EUR,1040458124.02,,,,,,,,DE-EUROSTAT-PRODCOM-COMEXT-20595980-2024|DE-EUROSTAT-PRODCOM-COMEXT-27901152-2024|DE-DESTATIS-73411-0003|DE-USTG-SECTION-12-VAT,,"Mechanical apparent-supply, excise and VAT bridge","Laskennallinen tarjonta-, valmistevero- ja ALV-silta","Mechanical calculation only: (EUR 608,334,558 + existing official 2024 cash excise receipts EUR 266,000,000) x 1.19 = EUR 1,040,458,124.02. Cash receipts are rounded and can differ in timing from tax liability; the VAT rate is a statutory parameter. The calculation assumes scope alignment, no inventory effect and zero distribution margin, so it is not observed consumer RSP, not donor-eligible and not an Atlas estimate.","Vain mekaaninen laskelma: (608 334 558 euroa + nykyinen virallinen vuoden 2024 kassaperusteinen valmisteverotulo 266 000 000 euroa) x 1,19 = 1 040 458 124,02 euroa. Kassakertymä on pyöristetty ja voi ajoittua eri tavoin kuin verovelka; ALV-kanta on lakisääteinen parametri. Laskelma olettaa rajausten vastaavuuden, ettei varastovaikutusta ole ja että jakelumarginaali on nolla, joten se ei ole havaittu kuluttajahintainen RSP, donor-kelpoinen eikä Atlas-arvio."
observation,PL-2019-DISPOSABLE-E-CIGARETTE-REPORTED-SALES-UNITS,PL,Poland,2019,disposable_e_cigarette_reported_sales_units,official_observed,official_response_annual_report_aggregate,disposable_e_cigarettes_only,producer_importer_reported_sales_quantity_transaction_stage_unspecified_not_market_value,false,false,,unit,114355,,,,,,,,PL-SEJM-I41718-O1,,Producer/importer-reported disposable e-cigarette sales quantity,Valmistajien ja maahantuojien ilmoittama kertakäyttöisten sähkötupakoiden myyntimäärä,"Official category count from producer/importer annual reports; it is not verified consumer-retail sell-through or market value, and prices, tax basis, channel coverage, inventory and import de-duplication are not provided.","Virallinen tuoteryhmäluku perustuu valmistajien ja maahantuojien vuosiraportteihin; se ei ole varmennettu kuluttajavähittäismyynti tai markkina-arvo, eikä lähde anna hintoja, veroperustaa, kanavapeittoa, varastosiltaa tai tuonnin deduplikointia."
observation,PL-2020-DISPOSABLE-E-CIGARETTE-REPORTED-SALES-UNITS,PL,Poland,2020,disposable_e_cigarette_reported_sales_units,official_observed,official_response_annual_report_aggregate,disposable_e_cigarettes_only,producer_importer_reported_sales_quantity_transaction_stage_unspecified_not_market_value,false,false,,unit,55550,,,,,,,,PL-SEJM-I41718-O1,,Producer/importer-reported disposable e-cigarette sales quantity,Valmistajien ja maahantuojien ilmoittama kertakäyttöisten sähkötupakoiden myyntimäärä,"Official category count from producer/importer annual reports; it is not verified consumer-retail sell-through or market value, and prices, tax basis, channel coverage, inventory and import de-duplication are not provided.","Virallinen tuoteryhmäluku perustuu valmistajien ja maahantuojien vuosiraportteihin; se ei ole varmennettu kuluttajavähittäismyynti tai markkina-arvo, eikä lähde anna hintoja, veroperustaa, kanavapeittoa, varastosiltaa tai tuonnin deduplikointia."
observation,PL-2021-DISPOSABLE-E-CIGARETTE-REPORTED-SALES-UNITS,PL,Poland,2021,disposable_e_cigarette_reported_sales_units,official_observed,official_response_annual_report_aggregate,disposable_e_cigarettes_only,producer_importer_reported_sales_quantity_transaction_stage_unspecified_not_market_value,false,false,,unit,1941050,,,,,,,,PL-SEJM-I41718-O1,,Producer/importer-reported disposable e-cigarette sales quantity,Valmistajien ja maahantuojien ilmoittama kertakäyttöisten sähkötupakoiden myyntimäärä,"Official category count from producer/importer annual reports; it is not verified consumer-retail sell-through or market value, and prices, tax basis, channel coverage, inventory and import de-duplication are not provided.","Virallinen tuoteryhmäluku perustuu valmistajien ja maahantuojien vuosiraportteihin; se ei ole varmennettu kuluttajavähittäismyynti tai markkina-arvo, eikä lähde anna hintoja, veroperustaa, kanavapeittoa, varastosiltaa tai tuonnin deduplikointia."
observation,PL-2022-DISPOSABLE-E-CIGARETTE-REPORTED-SALES-UNITS-PRELIMINARY,PL,Poland,2022,disposable_e_cigarette_reported_sales_units_revision_control,official_provisional,preliminary_incomplete_annual_reports,disposable_e_cigarettes_only,producer_importer_reported_sales_quantity_transaction_stage_unspecified_not_market_value,false,false,,unit,14663879,,,,,,,,PL-SEJM-I41718-O1|PL-SEJM-I01345-O1,,Producer/importer-reported disposable e-cigarette sales quantity (preliminary),Valmistajien ja maahantuojien ilmoittama kertakäyttöisten sähkötupakoiden myyntimäärä (alustava),"Official category count from producer/importer annual reports; it is not verified consumer-retail sell-through or market value, and prices, tax basis, channel coverage, inventory and import de-duplication are not provided. The Ministry states that not all required 2022 reports had been filed; the value is preliminary and incomplete. It is only a revision-control baseline: the later official 19,525,600-unit value is 4,861,721 units or 33.15% higher; do not sum the two.","Virallinen tuoteryhmäluku perustuu valmistajien ja maahantuojien vuosiraportteihin; se ei ole varmennettu kuluttajavähittäismyynti tai markkina-arvo, eikä lähde anna hintoja, veroperustaa, kanavapeittoa, varastosiltaa tai tuonnin deduplikointia. Ministeriö toteaa, etteivät kaikki vuoden 2022 raportointivelvolliset olleet jättäneet raporttia; luku on alustava ja puutteellinen. Se on vain revisiovertailu: myöhempi virallinen 19 525 600 kappaleen luku on 4 861 721 kappaletta eli 33,15 % suurempi; lukuja ei saa summata."
observation,PL-2019-REUSABLE-E-CIGARETTE-REPORTED-SALES-UNITS,PL,Poland,2019,reusable_e_cigarette_reported_sales_units,official_observed,official_response_annual_report_aggregate,reusable_e_cigarettes_only,producer_importer_reported_sales_quantity_transaction_stage_unspecified_not_market_value,false,false,,unit,2734783,,,,,,,,PL-SEJM-I41718-O1,,Producer/importer-reported reusable e-cigarette sales quantity,Valmistajien ja maahantuojien ilmoittama uudelleenkäytettävien sähkötupakoiden myyntimäärä,"Official category count from producer/importer annual reports; it is not verified consumer-retail sell-through or market value, and prices, tax basis, channel coverage, inventory and import de-duplication are not provided.","Virallinen tuoteryhmäluku perustuu valmistajien ja maahantuojien vuosiraportteihin; se ei ole varmennettu kuluttajavähittäismyynti tai markkina-arvo, eikä lähde anna hintoja, veroperustaa, kanavapeittoa, varastosiltaa tai tuonnin deduplikointia."
observation,PL-2020-REUSABLE-E-CIGARETTE-REPORTED-SALES-UNITS,PL,Poland,2020,reusable_e_cigarette_reported_sales_units,official_observed,official_response_annual_report_aggregate,reusable_e_cigarettes_only,producer_importer_reported_sales_quantity_transaction_stage_unspecified_not_market_value,false,false,,unit,2166606,,,,,,,,PL-SEJM-I41718-O1,,Producer/importer-reported reusable e-cigarette sales quantity,Valmistajien ja maahantuojien ilmoittama uudelleenkäytettävien sähkötupakoiden myyntimäärä,"Official category count from producer/importer annual reports; it is not verified consumer-retail sell-through or market value, and prices, tax basis, channel coverage, inventory and import de-duplication are not provided.","Virallinen tuoteryhmäluku perustuu valmistajien ja maahantuojien vuosiraportteihin; se ei ole varmennettu kuluttajavähittäismyynti tai markkina-arvo, eikä lähde anna hintoja, veroperustaa, kanavapeittoa, varastosiltaa tai tuonnin deduplikointia."
observation,PL-2021-REUSABLE-E-CIGARETTE-REPORTED-SALES-UNITS,PL,Poland,2021,reusable_e_cigarette_reported_sales_units,official_observed,official_response_annual_report_aggregate,reusable_e_cigarettes_only,producer_importer_reported_sales_quantity_transaction_stage_unspecified_not_market_value,false,false,,unit,1479135,,,,,,,,PL-SEJM-I41718-O1,,Producer/importer-reported reusable e-cigarette sales quantity,Valmistajien ja maahantuojien ilmoittama uudelleenkäytettävien sähkötupakoiden myyntimäärä,"Official category count from producer/importer annual reports; it is not verified consumer-retail sell-through or market value, and prices, tax basis, channel coverage, inventory and import de-duplication are not provided.","Virallinen tuoteryhmäluku perustuu valmistajien ja maahantuojien vuosiraportteihin; se ei ole varmennettu kuluttajavähittäismyynti tai markkina-arvo, eikä lähde anna hintoja, veroperustaa, kanavapeittoa, varastosiltaa tai tuonnin deduplikointia."
observation,PL-2022-REUSABLE-E-CIGARETTE-REPORTED-SALES-UNITS-PRELIMINARY,PL,Poland,2022,reusable_e_cigarette_reported_sales_units,official_provisional,preliminary_incomplete_annual_reports,reusable_e_cigarettes_only,producer_importer_reported_sales_quantity_transaction_stage_unspecified_not_market_value,false,false,,unit,5401206,,,,,,,,PL-SEJM-I41718-O1,,Producer/importer-reported reusable e-cigarette sales quantity (preliminary),Valmistajien ja maahantuojien ilmoittama uudelleenkäytettävien sähkötupakoiden myyntimäärä (alustava),"Official category count from producer/importer annual reports; it is not verified consumer-retail sell-through or market value, and prices, tax basis, channel coverage, inventory and import de-duplication are not provided. The Ministry states that not all required 2022 reports had been filed; the value is preliminary and incomplete.","Virallinen tuoteryhmäluku perustuu valmistajien ja maahantuojien vuosiraportteihin; se ei ole varmennettu kuluttajavähittäismyynti tai markkina-arvo, eikä lähde anna hintoja, veroperustaa, kanavapeittoa, varastosiltaa tai tuonnin deduplikointia. Ministeriö toteaa, etteivät kaikki vuoden 2022 raportointivelvolliset olleet jättäneet raporttia; luku on alustava ja puutteellinen."
observation,PL-2019-INDIVIDUAL-E-CIGARETTE-PART-REPORTED-SALES-UNITS,PL,Poland,2019,individual_e_cigarette_part_reported_sales_units,official_observed,official_response_annual_report_aggregate,individual_e_cigarette_parts_only,producer_importer_reported_sales_quantity_transaction_stage_unspecified_not_market_value,false,false,,unit,1089435,,,,,,,,PL-SEJM-I41718-O1,,Producer/importer-reported individual e-cigarette-part sales quantity,Valmistajien ja maahantuojien ilmoittama sähkötupakan yksittäisten osien myyntimäärä,"Official category count from producer/importer annual reports; it is not verified consumer-retail sell-through or market value, and prices, tax basis, channel coverage, inventory and import de-duplication are not provided.","Virallinen tuoteryhmäluku perustuu valmistajien ja maahantuojien vuosiraportteihin; se ei ole varmennettu kuluttajavähittäismyynti tai markkina-arvo, eikä lähde anna hintoja, veroperustaa, kanavapeittoa, varastosiltaa tai tuonnin deduplikointia."
observation,PL-2020-INDIVIDUAL-E-CIGARETTE-PART-REPORTED-SALES-UNITS,PL,Poland,2020,individual_e_cigarette_part_reported_sales_units,official_observed,official_response_annual_report_aggregate,individual_e_cigarette_parts_only,producer_importer_reported_sales_quantity_transaction_stage_unspecified_not_market_value,false,false,,unit,2107617,,,,,,,,PL-SEJM-I41718-O1,,Producer/importer-reported individual e-cigarette-part sales quantity,Valmistajien ja maahantuojien ilmoittama sähkötupakan yksittäisten osien myyntimäärä,"Official category count from producer/importer annual reports; it is not verified consumer-retail sell-through or market value, and prices, tax basis, channel coverage, inventory and import de-duplication are not provided.","Virallinen tuoteryhmäluku perustuu valmistajien ja maahantuojien vuosiraportteihin; se ei ole varmennettu kuluttajavähittäismyynti tai markkina-arvo, eikä lähde anna hintoja, veroperustaa, kanavapeittoa, varastosiltaa tai tuonnin deduplikointia."
observation,PL-2021-INDIVIDUAL-E-CIGARETTE-PART-REPORTED-SALES-UNITS,PL,Poland,2021,individual_e_cigarette_part_reported_sales_units,official_observed,official_response_annual_report_aggregate,individual_e_cigarette_parts_only,producer_importer_reported_sales_quantity_transaction_stage_unspecified_not_market_value,false,false,,unit,776570,,,,,,,,PL-SEJM-I41718-O1,,Producer/importer-reported individual e-cigarette-part sales quantity,Valmistajien ja maahantuojien ilmoittama sähkötupakan yksittäisten osien myyntimäärä,"Official category count from producer/importer annual reports; it is not verified consumer-retail sell-through or market value, and prices, tax basis, channel coverage, inventory and import de-duplication are not provided.","Virallinen tuoteryhmäluku perustuu valmistajien ja maahantuojien vuosiraportteihin; se ei ole varmennettu kuluttajavähittäismyynti tai markkina-arvo, eikä lähde anna hintoja, veroperustaa, kanavapeittoa, varastosiltaa tai tuonnin deduplikointia."
observation,PL-2022-INDIVIDUAL-E-CIGARETTE-PART-REPORTED-SALES-UNITS-PRELIMINARY,PL,Poland,2022,individual_e_cigarette_part_reported_sales_units,official_provisional,preliminary_incomplete_annual_reports,individual_e_cigarette_parts_only,producer_importer_reported_sales_quantity_transaction_stage_unspecified_not_market_value,false,false,,unit,398998,,,,,,,,PL-SEJM-I41718-O1,,Producer/importer-reported individual e-cigarette-part sales quantity (preliminary),Valmistajien ja maahantuojien ilmoittama sähkötupakan yksittäisten osien myyntimäärä (alustava),"Official category count from producer/importer annual reports; it is not verified consumer-retail sell-through or market value, and prices, tax basis, channel coverage, inventory and import de-duplication are not provided. The Ministry states that not all required 2022 reports had been filed; the value is preliminary and incomplete.","Virallinen tuoteryhmäluku perustuu valmistajien ja maahantuojien vuosiraportteihin; se ei ole varmennettu kuluttajavähittäismyynti tai markkina-arvo, eikä lähde anna hintoja, veroperustaa, kanavapeittoa, varastosiltaa tai tuonnin deduplikointia. Ministeriö toteaa, etteivät kaikki vuoden 2022 raportointivelvolliset olleet jättäneet raporttia; luku on alustava ja puutteellinen."
observation,PL-2019-E-CIGARETTE-KIT-REPORTED-SALES-UNITS,PL,Poland,2019,e_cigarette_kit_reported_sales_units,official_observed,official_response_annual_report_aggregate,kits_containing_multiple_e_cigarettes_and_or_refill_containers_cartridges,producer_importer_reported_sales_quantity_transaction_stage_unspecified_not_market_value,false,false,,kit,553775,,,,,,,,PL-SEJM-I41718-O1,,Producer/importer-reported e-cigarette-kit sales quantity,Valmistajien ja maahantuojien ilmoittama sähkötupakkasarjojen myyntimäärä,"Official category count from producer/importer annual reports; it is not verified consumer-retail sell-through or market value, and prices, tax basis, channel coverage, inventory and import de-duplication are not provided.","Virallinen tuoteryhmäluku perustuu valmistajien ja maahantuojien vuosiraportteihin; se ei ole varmennettu kuluttajavähittäismyynti tai markkina-arvo, eikä lähde anna hintoja, veroperustaa, kanavapeittoa, varastosiltaa tai tuonnin deduplikointia."
observation,PL-2020-E-CIGARETTE-KIT-REPORTED-SALES-UNITS,PL,Poland,2020,e_cigarette_kit_reported_sales_units,official_observed,official_response_annual_report_aggregate,kits_containing_multiple_e_cigarettes_and_or_refill_containers_cartridges,producer_importer_reported_sales_quantity_transaction_stage_unspecified_not_market_value,false,false,,kit,284767,,,,,,,,PL-SEJM-I41718-O1,,Producer/importer-reported e-cigarette-kit sales quantity,Valmistajien ja maahantuojien ilmoittama sähkötupakkasarjojen myyntimäärä,"Official category count from producer/importer annual reports; it is not verified consumer-retail sell-through or market value, and prices, tax basis, channel coverage, inventory and import de-duplication are not provided.","Virallinen tuoteryhmäluku perustuu valmistajien ja maahantuojien vuosiraportteihin; se ei ole varmennettu kuluttajavähittäismyynti tai markkina-arvo, eikä lähde anna hintoja, veroperustaa, kanavapeittoa, varastosiltaa tai tuonnin deduplikointia."
observation,PL-2021-E-CIGARETTE-KIT-REPORTED-SALES-UNITS,PL,Poland,2021,e_cigarette_kit_reported_sales_units,official_observed,official_response_annual_report_aggregate,kits_containing_multiple_e_cigarettes_and_or_refill_containers_cartridges,producer_importer_reported_sales_quantity_transaction_stage_unspecified_not_market_value,false,false,,kit,335984,,,,,,,,PL-SEJM-I41718-O1,,Producer/importer-reported e-cigarette-kit sales quantity,Valmistajien ja maahantuojien ilmoittama sähkötupakkasarjojen myyntimäärä,"Official category count from producer/importer annual reports; it is not verified consumer-retail sell-through or market value, and prices, tax basis, channel coverage, inventory and import de-duplication are not provided.","Virallinen tuoteryhmäluku perustuu valmistajien ja maahantuojien vuosiraportteihin; se ei ole varmennettu kuluttajavähittäismyynti tai markkina-arvo, eikä lähde anna hintoja, veroperustaa, kanavapeittoa, varastosiltaa tai tuonnin deduplikointia."
observation,PL-2022-E-CIGARETTE-KIT-REPORTED-SALES-UNITS-PRELIMINARY,PL,Poland,2022,e_cigarette_kit_reported_sales_units,official_provisional,preliminary_incomplete_annual_reports,kits_containing_multiple_e_cigarettes_and_or_refill_containers_cartridges,producer_importer_reported_sales_quantity_transaction_stage_unspecified_not_market_value,false,false,,kit,1349907,,,,,,,,PL-SEJM-I41718-O1,,Producer/importer-reported e-cigarette-kit sales quantity (preliminary),Valmistajien ja maahantuojien ilmoittama sähkötupakkasarjojen myyntimäärä (alustava),"Official category count from producer/importer annual reports; it is not verified consumer-retail sell-through or market value, and prices, tax basis, channel coverage, inventory and import de-duplication are not provided. The Ministry states that not all required 2022 reports had been filed; the value is preliminary and incomplete.","Virallinen tuoteryhmäluku perustuu valmistajien ja maahantuojien vuosiraportteihin; se ei ole varmennettu kuluttajavähittäismyynti tai markkina-arvo, eikä lähde anna hintoja, veroperustaa, kanavapeittoa, varastosiltaa tai tuonnin deduplikointia. Ministeriö toteaa, etteivät kaikki vuoden 2022 raportointivelvolliset olleet jättäneet raporttia; luku on alustava ja puutteellinen."
observation,PL-2019-OTHER-E-CIGARETTE-PRODUCT-REPORTED-SALES-UNITS,PL,Poland,2019,other_e_cigarette_product_reported_sales_units,official_observed,official_response_annual_report_aggregate,source_defined_other_e_cigarette_product_category,producer_importer_reported_sales_quantity_transaction_stage_unspecified_not_market_value,false,false,,unit,470642,,,,,,,,PL-SEJM-I41718-O1,,Producer/importer-reported other e-cigarette-product sales quantity,Valmistajien ja maahantuojien ilmoittama muiden sähkötupakkatuotteiden myyntimäärä,"Official category count from producer/importer annual reports; it is not verified consumer-retail sell-through or market value, and prices, tax basis, channel coverage, inventory and import de-duplication are not provided. The source does not define the Other category.","Virallinen tuoteryhmäluku perustuu valmistajien ja maahantuojien vuosiraportteihin; se ei ole varmennettu kuluttajavähittäismyynti tai markkina-arvo, eikä lähde anna hintoja, veroperustaa, kanavapeittoa, varastosiltaa tai tuonnin deduplikointia. Lähde ei määrittele Muut-luokkaa."
observation,PL-2020-OTHER-E-CIGARETTE-PRODUCT-REPORTED-SALES-UNITS,PL,Poland,2020,other_e_cigarette_product_reported_sales_units,official_observed,official_response_annual_report_aggregate,source_defined_other_e_cigarette_product_category,producer_importer_reported_sales_quantity_transaction_stage_unspecified_not_market_value,false,false,,unit,336532,,,,,,,,PL-SEJM-I41718-O1,,Producer/importer-reported other e-cigarette-product sales quantity,Valmistajien ja maahantuojien ilmoittama muiden sähkötupakkatuotteiden myyntimäärä,"Official category count from producer/importer annual reports; it is not verified consumer-retail sell-through or market value, and prices, tax basis, channel coverage, inventory and import de-duplication are not provided. The source does not define the Other category.","Virallinen tuoteryhmäluku perustuu valmistajien ja maahantuojien vuosiraportteihin; se ei ole varmennettu kuluttajavähittäismyynti tai markkina-arvo, eikä lähde anna hintoja, veroperustaa, kanavapeittoa, varastosiltaa tai tuonnin deduplikointia. Lähde ei määrittele Muut-luokkaa."
observation,PL-2021-OTHER-E-CIGARETTE-PRODUCT-REPORTED-SALES-UNITS,PL,Poland,2021,other_e_cigarette_product_reported_sales_units,official_observed,official_response_annual_report_aggregate,source_defined_other_e_cigarette_product_category,producer_importer_reported_sales_quantity_transaction_stage_unspecified_not_market_value,false,false,,unit,243782,,,,,,,,PL-SEJM-I41718-O1,,Producer/importer-reported other e-cigarette-product sales quantity,Valmistajien ja maahantuojien ilmoittama muiden sähkötupakkatuotteiden myyntimäärä,"Official category count from producer/importer annual reports; it is not verified consumer-retail sell-through or market value, and prices, tax basis, channel coverage, inventory and import de-duplication are not provided. The source does not define the Other category.","Virallinen tuoteryhmäluku perustuu valmistajien ja maahantuojien vuosiraportteihin; se ei ole varmennettu kuluttajavähittäismyynti tai markkina-arvo, eikä lähde anna hintoja, veroperustaa, kanavapeittoa, varastosiltaa tai tuonnin deduplikointia. Lähde ei määrittele Muut-luokkaa."
observation,PL-2022-OTHER-E-CIGARETTE-PRODUCT-REPORTED-SALES-UNITS-PRELIMINARY,PL,Poland,2022,other_e_cigarette_product_reported_sales_units,official_provisional,preliminary_incomplete_annual_reports,source_defined_other_e_cigarette_product_category,producer_importer_reported_sales_quantity_transaction_stage_unspecified_not_market_value,false,false,,unit,227957,,,,,,,,PL-SEJM-I41718-O1,,Producer/importer-reported other e-cigarette-product sales quantity (preliminary),Valmistajien ja maahantuojien ilmoittama muiden sähkötupakkatuotteiden myyntimäärä (alustava),"Official category count from producer/importer annual reports; it is not verified consumer-retail sell-through or market value, and prices, tax basis, channel coverage, inventory and import de-duplication are not provided. The Ministry states that not all required 2022 reports had been filed; the value is preliminary and incomplete. The source does not define the Other category.","Virallinen tuoteryhmäluku perustuu valmistajien ja maahantuojien vuosiraportteihin; se ei ole varmennettu kuluttajavähittäismyynti tai markkina-arvo, eikä lähde anna hintoja, veroperustaa, kanavapeittoa, varastosiltaa tai tuonnin deduplikointia. Ministeriö toteaa, etteivät kaikki vuoden 2022 raportointivelvolliset olleet jättäneet raporttia; luku on alustava ja puutteellinen. Lähde ei määrittele Muut-luokkaa."
observation,PL-2019-E-LIQUID-REFILL-CONTAINER-CARTRIDGE-REPORTED-SALES-UNITS,PL,Poland,2019,e_liquid_refill_container_cartridge_reported_sales_units,official_observed,official_response_annual_report_aggregate,e_liquid_refill_containers_and_cartridges_only,producer_importer_reported_sales_quantity_transaction_stage_unspecified_not_market_value,false,false,,unit,36020303,,,,,,,,PL-SEJM-I41718-O1,,Producer/importer-reported e-liquid refill-container/cartridge sales quantity,Valmistajien ja maahantuojien ilmoittama e-nestettä sisältävien täyttösäiliöiden ja patruunoiden myyntimäärä,"Official category count from producer/importer annual reports; it is not verified consumer-retail sell-through or market value, and prices, tax basis, channel coverage, inventory and import de-duplication are not provided.","Virallinen tuoteryhmäluku perustuu valmistajien ja maahantuojien vuosiraportteihin; se ei ole varmennettu kuluttajavähittäismyynti tai markkina-arvo, eikä lähde anna hintoja, veroperustaa, kanavapeittoa, varastosiltaa tai tuonnin deduplikointia."
observation,PL-2020-E-LIQUID-REFILL-CONTAINER-CARTRIDGE-REPORTED-SALES-UNITS,PL,Poland,2020,e_liquid_refill_container_cartridge_reported_sales_units,official_observed,official_response_annual_report_aggregate,e_liquid_refill_containers_and_cartridges_only,producer_importer_reported_sales_quantity_transaction_stage_unspecified_not_market_value,false,false,,unit,124015052,,,,,,,,PL-SEJM-I41718-O1,,Producer/importer-reported e-liquid refill-container/cartridge sales quantity,Valmistajien ja maahantuojien ilmoittama e-nestettä sisältävien täyttösäiliöiden ja patruunoiden myyntimäärä,"Official category count from producer/importer annual reports; it is not verified consumer-retail sell-through or market value, and prices, tax basis, channel coverage, inventory and import de-duplication are not provided.","Virallinen tuoteryhmäluku perustuu valmistajien ja maahantuojien vuosiraportteihin; se ei ole varmennettu kuluttajavähittäismyynti tai markkina-arvo, eikä lähde anna hintoja, veroperustaa, kanavapeittoa, varastosiltaa tai tuonnin deduplikointia."
observation,PL-2021-E-LIQUID-REFILL-CONTAINER-CARTRIDGE-REPORTED-SALES-UNITS,PL,Poland,2021,e_liquid_refill_container_cartridge_reported_sales_units,official_observed,official_response_annual_report_aggregate,e_liquid_refill_containers_and_cartridges_only,producer_importer_reported_sales_quantity_transaction_stage_unspecified_not_market_value,false,false,,unit,130487551,,,,,,,,PL-SEJM-I41718-O1,,Producer/importer-reported e-liquid refill-container/cartridge sales quantity,Valmistajien ja maahantuojien ilmoittama e-nestettä sisältävien täyttösäiliöiden ja patruunoiden myyntimäärä,"Official category count from producer/importer annual reports; it is not verified consumer-retail sell-through or market value, and prices, tax basis, channel coverage, inventory and import de-duplication are not provided.","Virallinen tuoteryhmäluku perustuu valmistajien ja maahantuojien vuosiraportteihin; se ei ole varmennettu kuluttajavähittäismyynti tai markkina-arvo, eikä lähde anna hintoja, veroperustaa, kanavapeittoa, varastosiltaa tai tuonnin deduplikointia."
observation,PL-2022-E-LIQUID-REFILL-CONTAINER-CARTRIDGE-REPORTED-SALES-UNITS-PRELIMINARY,PL,Poland,2022,e_liquid_refill_container_cartridge_reported_sales_units,official_provisional,preliminary_incomplete_annual_reports,e_liquid_refill_containers_and_cartridges_only,producer_importer_reported_sales_quantity_transaction_stage_unspecified_not_market_value,false,false,,unit,50838653,,,,,,,,PL-SEJM-I41718-O1,,Producer/importer-reported e-liquid refill-container/cartridge sales quantity (preliminary),Valmistajien ja maahantuojien ilmoittama e-nestettä sisältävien täyttösäiliöiden ja patruunoiden myyntimäärä (alustava),"Official category count from producer/importer annual reports; it is not verified consumer-retail sell-through or market value, and prices, tax basis, channel coverage, inventory and import de-duplication are not provided. The Ministry states that not all required 2022 reports had been filed; the value is preliminary and incomplete.","Virallinen tuoteryhmäluku perustuu valmistajien ja maahantuojien vuosiraportteihin; se ei ole varmennettu kuluttajavähittäismyynti tai markkina-arvo, eikä lähde anna hintoja, veroperustaa, kanavapeittoa, varastosiltaa tai tuonnin deduplikointia. Ministeriö toteaa, etteivät kaikki vuoden 2022 raportointivelvolliset olleet jättäneet raporttia; luku on alustava ja puutteellinen."
observation,PL-2023-CMR-DISPOSABLE-E-CIGARETTE-RETAIL-SALES-VALUE,PL,Poland,2023,commercial_disposable_e_cigarette_retail_sales_value,commercial_estimate,publisher_approximation,disposable_e_cigarettes_only,commercial_disposable_only_retail_sales_estimate_non_reproducible_not_donor,false,false,PLN,PLN,2000000000,,,,,,,,PL-CMR-DISPOSABLES-2023,,CMR estimate of disposable e-cigarette retail sales value,CMR:n arvio kertakäyttöisten sähkötupakoiden vähittäismyynnin arvosta,"CMR says 2023 twelve-month disposable sales reached about PLN 2 billion, but the public article omits sample frame, outlet count, weights, extrapolation, channel-gap reconciliation, missingness, revisions and VAT/excise basis. It excludes reusable devices, refill liquids and pods and is not a whole-market value, comparable donor or Atlas estimate.","CMR ilmoittaa vuoden 2023 kahdentoista kuukauden kertakäyttömyynniksi noin 2 miljardia PLN, mutta julkinen artikkeli ei anna otoskehystä, toimipaikkamäärää, painoja, ekstrapolointia, kanavavajeiden täsmäytystä, puuttuvuutta, revisioita eikä ALV- tai valmisteveroperustaa. Arvo ei sisällä uudelleenkäytettäviä laitteita, täyttönesteitä tai podeja eikä ole koko markkinan arvo, vertailukelpoinen donor tai Atlas-estimaatti."
model,DE-2025-LIQUID-RETAIL-EQUIVALENT-RANGE,DE,Germany,2025,retail_equivalent_plausibility_range,modelled,modelled,taxed_substitutes_for_tobacco_liquid_only,retail_equivalent_plausibility_range_not_observed_sales,false,true,EUR,EUR,,667920000,1199220000,1654620000,low,true,volume_litres * 1000 * retail_price_eur_per_ml,DE-2025-TAXED-LIQUID-VOLUME-L|DE-2026-RETAIL-PRICE-LOW-EUR-PER-ML|DE-2026-RETAIL-PRICE-BASE-EUR-PER-ML|DE-2026-RETAIL-PRICE-HIGH-EUR-PER-ML,DE-DESTATIS-73411-0003|INTASTE-GERMANFLAVOURS-2026|INTASTE-SAMURAI-2026|INTASTE-REVOLTAGE-2026,devices|pods_and_cartridges_as_separate_hardware_value|illicit_and_untaxed_sales|nicotine_free_products_where_not_taxed|wholesale_retail_margin_mix|discount_and_channel_mix,Germany 2025 taxed-liquid retail-equivalent plausibility range,Saksan vuoden 2025 verotetun nesteen vähittäismyyntivastaavuuden suuntaa-antava vaihteluväli,"Not observed sales. It multiplies provisional 2025 taxed liquid volume by three individual 2026 German online retail prices. The year mismatch, single-retailer basket, product mix and excluded categories make confidence low.","Ei havaittua myyntiä. Laskelma kertoo vuoden 2025 alustavan verotetun nestemäärän kolmella yksittäisellä saksalaisen verkkokaupan vuoden 2026 hinnalla. Vuosiero, yhden kaupan hintakori, tuotejakauma ja pois rajatut tuoteryhmät tekevät luottamustasosta matalan."
